f_id, m_delta, m_measure
s2801a_0, 4.804, 18.486
s2801a_1, 46.560, 46.543
s2801a_10, -1.928, 27.508
s2801a_100, -31.399, 21.097
s2801a_101, 27.064, 44.198
s2801a_102, -21.835, 19.049
s2801a_103, 52.780, 43.402
s2801a_104, 25.009, 40.606
s2801a_105, 53.349, 48.040
s2801a_106, -38.433, 17.305
s2801a_107, 50.198, 51.114
s2801a_108, 49.182, 46.053
s2801a_109, -7.476, 23.859
s2801a_11, 50.727, 51.940
s2801a_110, 37.934, 42.307
s2801a_111, 43.729, 50.012
s2801a_112, 49.104, 47.953
s2801a_113, 43.757, 48.936
s2801a_114, 8.074, 30.221
s2801a_115, 22.944, 29.292
s2801a_116, 50.867, 48.169
s2801a_117, 43.336, 49.881
s2801a_118, 18.593, 39.833
s2801a_119, 43.140, 47.777
s2801a_12, 44.063, 49.356
s2801a_120, 45.877, 48.759
s2801a_121, 41.526, 44.734
s2801a_122, -9.695, 20.743
s2801a_123, 10.423, 25.560
s2801a_124, 46.224, 48.611
s2801a_125, 46.094, 47.524
s2801a_126, 44.493, 49.899
s2801a_127, 56.593, 51.079
s2801a_128, -36.831, 14.441
s2801a_129, 0.920, 31.760
s2801a_13, 51.114, 49.884
s2801a_130, 13.529, 37.277
s2801a_131, 7.568, 34.482
s2801a_132, -40.353, 4.471
s2801a_133, 44.703, 49.067
s2801a_134, 8.595, 28.075
s2801a_135, -46.677, 20.601
s2801a_136, 44.040, 43.245
s2801a_137, 48.820, 51.400
s2801a_138, 34.385, 42.569
s2801a_139, 6.361, 29.347
s2801a_14, -23.599, 16.120
s2801a_140, 54.198, 49.214
s2801a_141, 49.487, 49.690
s2801a_142, 33.927, 43.689
s2801a_143, 52.783, 47.538
s2801a_144, 14.022, 30.112
s2801a_145, 10.897, 26.008
s2801a_146, -26.725, 17.484
s2801a_147, 37.378, 40.110
s2801a_148, 26.784, 34.486
s2801a_149, 24.329, 30.576
s2801a_15, 53.931, 54.326
s2801a_150, 52.027, 47.311
s2801a_151, 15.379, 27.675
s2801a_152, -16.412, 18.926
s2801a_153, 47.315, 47.957
s2801a_154, 53.073, 48.585
s2801a_155, 18.385, 33.643
s2801a_156, 47.563, 48.345
s2801a_157, 46.294, 49.697
s2801a_158, 48.842, 50.986
s2801a_159, 50.440, 51.301
s2801a_16, 51.714, 47.893
s2801a_160, 51.023, 49.002
s2801a_161, 8.627, 24.850
s2801a_162, -2.910, 26.655
s2801a_163, -20.741, 25.047
s2801a_164, 53.411, 52.100
s2801a_165, 1.588, 30.520
s2801a_166, 53.347, 46.594
s2801a_167, 45.988, 49.314
s2801a_168, 48.695, 45.395
s2801a_169, 13.857, 24.755
s2801a_17, 49.387, 50.451
s2801a_170, 23.520, 32.685
s2801a_171, 40.534, 34.060
s2801a_172, -8.315, 16.761
s2801a_173, -23.697, 19.615
s2801a_174, 52.645, 47.108
s2801a_175, 47.533, 45.312
s2801a_176, -19.898, 18.568
s2801a_177, 49.439, 50.118
s2801a_178, 5.863, 28.971
s2801a_179, -68.383, 14.798
s2801a_18, 47.625, 44.189
s2801a_180, -36.223, 14.391
s2801a_181, 49.390, 48.818
s2801a_182, -38.732, 17.640
s2801a_183, 46.547, 48.220
s2801a_184, 13.534, 22.441
s2801a_185, -4.539, 23.835
s2801a_186, 46.464, 48.052
s2801a_187, -40.353, 4.471
s2801a_188, 54.668, 49.102
s2801a_189, -44.627, 11.212
s2801a_19, -17.393, 13.640
s2801a_190, 53.199, 51.967
s2801a_191, -33.538, 17.374
s2801a_192, 34.012, 42.113
s2801a_193, 15.774, 33.119
s2801a_194, 56.981, 47.618
s2801a_195, 47.423, 49.003
s2801a_196, -12.454, 28.829
s2801a_197, 45.207, 50.333
s2801a_198, 16.186, 31.550
s2801a_199, 52.088, 50.573
s2801a_2, -11.776, 24.486
s2801a_20, 47.655, 44.810
s2801a_200, -18.438, 15.931
s2801a_201, -18.302, 19.003
s2801a_202, 39.388, 41.384
s2801a_203, -27.911, 17.010
s2801a_204, 17.218, 35.804
s2801a_205, 16.633, 23.564
s2801a_206, -9.894, 24.350
s2801a_207, 17.451, 39.007
s2801a_208, 10.503, 34.372
s2801a_209, 56.937, 50.180
s2801a_21, 44.109, 44.047
s2801a_210, 51.374, 45.227
s2801a_211, -25.185, 20.585
s2801a_212, -12.176, 19.026
s2801a_213, -23.074, 21.627
s2801a_214, 8.276, 26.988
s2801a_215, 18.824, 36.272
s2801a_216, 43.112, 49.371
s2801a_217, 47.689, 45.427
s2801a_218, 41.933, 41.581
s2801a_219, 4.042, 27.968
s2801a_22, 42.868, 44.920
s2801a_220, 48.791, 46.944
s2801a_221, -42.762, 15.236
s2801a_222, 47.531, 48.636
s2801a_223, -18.415, 20.459
s2801a_224, 41.146, 35.748
s2801a_225, 46.006, 48.661
s2801a_226, -66.713, 14.577
s2801a_227, 46.492, 47.443
s2801a_228, -33.754, 9.511
s2801a_229, -29.604, 17.900
s2801a_23, -19.048, 20.880
s2801a_230, -9.615, 21.545
s2801a_231, -20.736, 23.162
s2801a_232, 41.664, 44.974
s2801a_233, -26.184, 22.197
s2801a_234, 45.548, 47.805
s2801a_235, -6.688, 18.747
s2801a_236, -13.758, 15.601
s2801a_237, -0.692, 24.744
s2801a_238, 52.338, 49.828
s2801a_239, 5.072, 20.227
s2801a_24, 25.124, 42.562
s2801a_240, 39.732, 47.203
s2801a_241, 43.046, 32.969
s2801a_242, 45.220, 47.897
s2801a_243, -6.035, 26.124
s2801a_244, -25.934, 22.084
s2801a_245, 47.366, 47.604
s2801a_246, 32.197, 35.794
s2801a_247, 49.603, 49.155
s2801a_248, 43.004, 39.991
s2801a_249, 44.649, 46.697
s2801a_25, -23.131, 21.556
s2801a_250, 54.487, 45.635
s2801a_251, 55.533, 47.160
s2801a_252, 27.707, 37.280
s2801a_253, 37.707, 43.751
s2801a_254, 28.134, 39.989
s2801a_255, 7.376, 29.721
s2801a_256, 45.399, 45.273
s2801a_257, 50.596, 47.711
s2801a_258, 38.046, 40.842
s2801a_259, -44.288, 14.235
s2801a_26, 54.508, 47.216
s2801a_260, 43.681, 45.966
s2801a_261, 12.087, 33.514
s2801a_262, 44.766, 48.106
s2801a_263, 43.370, 50.849
s2801a_264, 46.787, 46.106
s2801a_265, 45.156, 45.979
s2801a_266, 41.369, 44.262
s2801a_267, 41.070, 48.650
s2801a_268, 46.236, 48.103
s2801a_269, -21.417, 16.580
s2801a_27, 10.476, 21.720
s2801a_270, 41.982, 44.082
s2801a_271, 48.773, 48.125
s2801a_272, -12.299, 23.088
s2801a_273, 49.279, 52.292
s2801a_274, 3.288, 27.100
s2801a_275, 51.441, 50.137
s2801a_276, 56.734, 45.421
s2801a_277, -76.147, 11.219
s2801a_278, 34.099, 40.831
s2801a_279, 45.733, 46.887
s2801a_28, 59.414, 48.921
s2801a_280, 54.663, 46.141
s2801a_281, 39.952, 44.840
s2801a_282, -2.327, 22.713
s2801a_283, -49.019, 16.268
s2801a_284, 50.110, 48.482
s2801a_285, -25.047, 21.243
s2801a_286, 51.788, 52.228
s2801a_287, -21.924, 20.379
s2801a_288, -43.514, 6.970
s2801a_289, 18.585, 34.617
s2801a_29, 48.506, 46.470
s2801a_290, 45.455, 49.096
s2801a_291, 30.917, 36.408
s2801a_292, 21.174, 37.572
s2801a_293, 15.199, 32.638
s2801a_294, 45.365, 49.592
s2801a_295, 21.223, 38.152
s2801a_296, 52.791, 51.981
s2801a_297, 55.804, 49.393
s2801a_298, -39.903, 17.800
s2801a_299, 53.807, 48.784
s2801a_3, 47.754, 45.834
s2801a_30, 46.096, 45.064
s2801a_300, -12.368, 21.945
s2801a_301, 50.413, 49.299
s2801a_302, 48.768, 49.563
s2801a_303, 56.867, 46.207
s2801a_304, 49.328, 49.611
s2801a_31, 47.362, 50.666
s2801a_32, -3.918, 24.167
s2801a_33, -9.176, 20.330
s2801a_34, -6.457, 21.387
s2801a_35, 52.831, 47.788
s2801a_36, 23.343, 36.545
s2801a_37, 45.843, 47.026
s2801a_38, 9.897, 26.494
s2801a_39, 50.446, 46.825
s2801a_4, 37.928, 43.298
s2801a_40, 19.028, 32.621
s2801a_41, -12.886, 19.220
s2801a_42, 26.370, 37.854
s2801a_43, 50.040, 47.273
s2801a_44, 35.857, 44.684
s2801a_45, 43.670, 46.791
s2801a_46, 0.907, 25.383
s2801a_47, 46.603, 48.754
s2801a_48, 41.451, 45.880
s2801a_49, 45.511, 48.908
s2801a_5, 49.866, 47.663
s2801a_50, 47.905, 50.147
s2801a_51, -1.737, 25.012
s2801a_52, 46.524, 50.843
s2801a_53, 48.448, 49.875
s2801a_54, -33.434, 9.314
s2801a_55, -2.104, 28.863
s2801a_56, 49.065, 49.436
s2801a_57, 44.168, 45.546
s2801a_58, 49.473, 48.545
s2801a_59, 20.322, 38.710
s2801a_6, 54.943, 48.533
s2801a_60, 25.986, 41.628
s2801a_61, -6.513, 26.546
s2801a_62, 44.579, 49.512
s2801a_63, 57.714, 54.213
s2801a_64, 39.204, 38.485
s2801a_65, 50.726, 44.811
s2801a_66, 48.081, 52.008
s2801a_67, -19.857, 15.347
s2801a_68, 15.243, 34.546
s2801a_69, -29.847, 16.041
s2801a_7, -49.378, 16.432
s2801a_70, 25.227, 40.795
s2801a_71, 48.138, 50.126
s2801a_72, 45.548, 46.982
s2801a_73, 50.712, 47.815
s2801a_74, 7.486, 33.133
s2801a_75, 54.853, 50.988
s2801a_76, 52.516, 49.195
s2801a_77, -25.709, 20.673
s2801a_78, 47.781, 47.660
s2801a_79, -39.096, 18.439
s2801a_8, 53.721, 51.286
s2801a_80, -8.010, 23.967
s2801a_81, 54.332, 49.763
s2801a_82, 33.258, 47.814
s2801a_83, -20.616, 17.772
s2801a_84, -25.486, 12.517
s2801a_85, -19.458, 17.628
s2801a_86, 24.038, 36.309
s2801a_87, -2.733, 21.285
s2801a_88, -70.753, 11.196
s2801a_89, 7.399, 29.407
s2801a_9, 56.695, 47.463
s2801a_90, 47.540, 51.524
s2801a_91, -32.549, 22.671
s2801a_92, 49.978, 46.620
s2801a_93, -5.783, 21.130
s2801a_94, 48.182, 46.764
s2801a_95, -10.271, 23.478
s2801a_96, 48.981, 48.928
s2801a_97, 14.606, 33.668
s2801a_98, 4.944, 20.479
s2801a_99, 44.667, 46.892
s2801b_0, 43.751, 47.668
s2801b_1, -38.731, 19.534
s2801b_10, 36.798, 46.350
s2801b_100, 0.179, 24.877
s2801b_101, -23.499, 12.213
s2801b_102, 2.687, 23.422
s2801b_103, 44.928, 48.403
s2801b_104, -16.733, 24.987
s2801b_105, 42.710, 49.796
s2801b_106, -6.976, 27.068
s2801b_107, -25.358, 20.063
s2801b_108, 39.389, 43.566
s2801b_109, -35.719, 4.647
s2801b_11, -24.349, 16.118
s2801b_110, 48.121, 51.602
s2801b_111, 45.737, 45.985
s2801b_112, 45.020, 45.189
s2801b_113, -9.316, 19.397
s2801b_114, 42.206, 46.496
s2801b_115, 44.194, 49.111
s2801b_116, -24.966, 25.811
s2801b_117, -43.556, 15.517
s2801b_118, -0.805, 18.683
s2801b_119, 5.728, 30.229
s2801b_12, -0.673, 35.294
s2801b_120, -33.765, 4.764
s2801b_121, 23.103, 38.133
s2801b_122, 53.920, 49.309
s2801b_123, -13.277, 19.887
s2801b_124, 46.887, 47.346
s2801b_125, -31.619, 17.825
s2801b_126, -26.261, 20.979
s2801b_127, 48.689, 50.910
s2801b_128, 8.016, 37.500
s2801b_129, -11.814, 23.647
s2801b_13, 42.506, 50.212
s2801b_130, -13.448, 14.973
s2801b_131, 46.688, 47.980
s2801b_132, 43.335, 46.963
s2801b_133, 8.655, 24.060
s2801b_134, 6.142, 28.333
s2801b_135, 43.151, 44.831
s2801b_136, -31.393, 18.229
s2801b_137, -25.327, 20.217
s2801b_138, -44.514, 14.705
s2801b_139, 50.195, 48.574
s2801b_14, 46.013, 47.789
s2801b_140, 12.483, 27.090
s2801b_141, 11.266, 31.808
s2801b_142, -33.765, 4.764
s2801b_143, 52.568, 45.539
s2801b_144, 16.147, 35.795
s2801b_145, 53.968, 50.701
s2801b_146, -17.326, 23.414
s2801b_147, -30.410, 21.610
s2801b_148, 10.448, 34.235
s2801b_149, 48.617, 48.325
s2801b_15, 46.475, 50.635
s2801b_150, 45.992, 48.929
s2801b_151, 47.804, 46.630
s2801b_152, -13.818, 27.256
s2801b_153, 41.059, 44.217
s2801b_154, 2.089, 21.022
s2801b_155, 48.950, 50.270
s2801b_156, 52.253, 48.961
s2801b_157, -19.653, 15.871
s2801b_158, 21.569, 40.281
s2801b_159, -31.950, 22.051
s2801b_16, 47.718, 52.342
s2801b_160, 48.166, 49.621
s2801b_161, 48.988, 49.041
s2801b_162, -26.884, 16.452
s2801b_163, 47.838, 48.550
s2801b_164, 51.555, 50.057
s2801b_165, 9.687, 33.021
s2801b_166, 49.899, 49.092
s2801b_167, 42.599, 43.379
s2801b_168, -2.570, 23.710
s2801b_169, -13.861, 19.313
s2801b_17, 50.697, 52.898
s2801b_170, 39.522, 36.275
s2801b_171, -12.408, 13.771
s2801b_172, 49.123, 52.750
s2801b_173, 46.758, 51.734
s2801b_174, 42.703, 46.173
s2801b_175, 2.020, 32.007
s2801b_176, 50.574, 50.036
s2801b_177, 17.702, 38.342
s2801b_178, -11.391, 20.998
s2801b_179, 48.863, 47.112
s2801b_18, 19.041, 39.435
s2801b_180, 42.848, 46.793
s2801b_181, 49.959, 49.339
s2801b_182, 60.939, 53.357
s2801b_183, 47.896, 50.661
s2801b_184, 49.878, 50.751
s2801b_185, 51.652, 46.661
s2801b_186, 46.507, 43.109
s2801b_187, 54.037, 50.656
s2801b_188, 54.801, 48.959
s2801b_189, 8.566, 21.415
s2801b_19, -11.509, 24.626
s2801b_190, 49.399, 47.087
s2801b_191, 50.244, 47.330
s2801b_192, 43.936, 48.703
s2801b_193, -14.654, 20.478
s2801b_194, -29.553, 16.537
s2801b_195, 42.015, 48.498
s2801b_196, 4.328, 17.475
s2801b_197, 32.149, 40.695
s2801b_198, 49.208, 48.090
s2801b_199, 45.182, 45.552
s2801b_2, 48.739, 50.618
s2801b_20, -17.685, 20.298
s2801b_200, 43.550, 48.288
s2801b_201, 40.577, 45.389
s2801b_202, 41.628, 47.006
s2801b_203, 44.366, 49.449
s2801b_204, 49.844, 48.833
s2801b_205, 3.792, 20.295
s2801b_206, -1.742, 27.530
s2801b_207, 15.781, 33.424
s2801b_208, 50.174, 46.750
s2801b_209, 49.434, 46.732
s2801b_21, 34.670, 44.777
s2801b_210, -5.004, 16.758
s2801b_211, 44.729, 46.078
s2801b_212, -5.869, 26.832
s2801b_213, 50.321, 47.665
s2801b_214, 39.465, 49.347
s2801b_215, -43.104, 19.964
s2801b_216, 13.616, 37.251
s2801b_217, 13.570, 36.200
s2801b_218, 43.844, 51.300
s2801b_219, -6.084, 25.495
s2801b_22, 46.760, 47.910
s2801b_220, 42.350, 48.510
s2801b_221, 41.855, 47.574
s2801b_222, 44.325, 51.523
s2801b_223, 30.076, 43.784
s2801b_224, 16.252, 38.978
s2801b_225, 54.467, 48.931
s2801b_226, -9.087, 24.359
s2801b_227, 45.986, 50.130
s2801b_228, 18.051, 38.111
s2801b_229, 49.480, 51.017
s2801b_23, -74.056, 11.558
s2801b_230, -0.889, 30.409
s2801b_231, 51.547, 50.636
s2801b_232, 52.236, 51.266
s2801b_233, -32.513, 13.713
s2801b_234, 44.803, 47.592
s2801b_235, -4.143, 31.871
s2801b_236, 47.613, 50.476
s2801b_237, 19.554, 29.421
s2801b_238, 43.559, 47.003
s2801b_239, 39.413, 46.691
s2801b_24, 47.432, 48.793
s2801b_240, -66.348, 14.473
s2801b_241, 49.917, 50.394
s2801b_242, 45.976, 49.607
s2801b_243, -22.808, 20.543
s2801b_244, 43.464, 47.687
s2801b_245, 34.234, 34.825
s2801b_246, 46.812, 49.300
s2801b_247, 47.886, 49.971
s2801b_248, -24.417, 24.552
s2801b_249, 47.287, 50.608
s2801b_25, 52.242, 49.550
s2801b_250, 20.691, 37.206
s2801b_26, 43.317, 42.575
s2801b_27, 40.623, 44.619
s2801b_28, 46.412, 49.733
s2801b_29, 15.269, 27.502
s2801b_3, 43.721, 52.093
s2801b_30, 50.044, 52.024
s2801b_31, -48.478, 20.468
s2801b_32, 49.933, 49.373
s2801b_33, 23.720, 39.250
s2801b_34, 40.311, 42.685
s2801b_35, -21.293, 20.555
s2801b_36, 41.068, 46.718
s2801b_37, -25.641, 20.506
s2801b_38, -12.685, 23.086
s2801b_39, 45.105, 47.776
s2801b_4, 44.926, 51.106
s2801b_40, 48.347, 45.038
s2801b_41, 50.698, 50.215
s2801b_42, 51.181, 53.786
s2801b_43, 37.249, 45.992
s2801b_44, -6.149, 23.757
s2801b_45, 36.835, 35.941
s2801b_46, -33.483, 18.491
s2801b_47, 47.272, 46.612
s2801b_48, 54.205, 50.902
s2801b_49, 45.628, 49.255
s2801b_5, -3.124, 31.199
s2801b_50, -20.141, 21.227
s2801b_51, 48.187, 50.987
s2801b_52, 56.199, 52.526
s2801b_53, 51.524, 52.340
s2801b_54, -12.856, 24.049
s2801b_55, 46.732, 48.633
s2801b_56, 46.381, 49.928
s2801b_57, 48.130, 50.737
s2801b_58, 49.804, 49.037
s2801b_59, -19.293, 28.084
s2801b_6, 50.862, 50.985
s2801b_60, -17.093, 16.833
s2801b_61, -3.024, 21.583
s2801b_62, 52.497, 50.081
s2801b_63, -27.870, 16.525
s2801b_64, 44.738, 47.739
s2801b_65, 53.071, 49.154
s2801b_66, 29.593, 38.631
s2801b_67, -21.026, 14.491
s2801b_68, 3.340, 24.081
s2801b_69, -10.599, 16.286
s2801b_7, 8.982, 39.039
s2801b_70, 27.526, 35.703
s2801b_71, 25.799, 39.392
s2801b_72, 16.786, 38.540
s2801b_73, 52.619, 50.520
s2801b_74, 41.836, 46.942
s2801b_75, -35.080, 13.726
s2801b_76, -43.665, 15.649
s2801b_77, -60.868, 13.229
s2801b_78, -61.629, 13.698
s2801b_79, -10.538, 17.626
s2801b_8, 50.323, 52.144
s2801b_80, -23.666, 11.088
s2801b_81, 50.208, 44.263
s2801b_82, -32.394, 18.334
s2801b_83, -16.864, 17.355
s2801b_84, -15.209, 14.380
s2801b_85, 58.849, 45.810
s2801b_86, -9.490, 24.208
s2801b_87, 49.958, 45.400
s2801b_88, -50.803, 16.081
s2801b_89, 49.159, 45.747
s2801b_9, 50.920, 51.482
s2801b_90, -15.194, 19.148
s2801b_91, 5.010, 28.010
s2801b_92, -3.351, 18.776
s2801b_93, 47.671, 48.993
s2801b_94, -8.177, 28.614
s2801b_95, 21.566, 35.513
s2801b_96, -27.328, 12.459
s2801b_97, 42.616, 49.988
s2801b_98, 42.374, 40.328
s2801b_99, 49.845, 50.557
s2802a_0, 50.209, 45.322
s2802a_1, 40.166, 49.290
s2802a_10, 20.790, 34.169
s2802a_100, 44.981, 51.426
s2802a_101, 47.908, 47.756
s2802a_102, 47.147, 51.624
s2802a_103, 17.279, 31.457
s2802a_104, -19.974, 24.776
s2802a_105, 51.908, 45.087
s2802a_106, -25.240, 17.116
s2802a_107, -28.335, 21.579
s2802a_108, 47.850, 48.217
s2802a_109, 49.020, 48.376
s2802a_11, 48.297, 49.314
s2802a_110, 50.468, 47.485
s2802a_111, -10.803, 22.687
s2802a_112, 49.043, 47.525
s2802a_113, -8.425, 23.028
s2802a_114, 52.026, 53.772
s2802a_115, 46.193, 48.238
s2802a_116, 41.922, 47.786
s2802a_117, 47.505, 48.129
s2802a_118, 36.628, 37.872
s2802a_119, 23.162, 40.926
s2802a_12, 41.560, 46.049
s2802a_120, -16.767, 20.594
s2802a_121, 44.224, 45.170
s2802a_122, 33.639, 39.310
s2802a_123, 17.829, 37.150
s2802a_124, 6.760, 18.373
s2802a_125, -6.308, 23.329
s2802a_126, -8.722, 21.351
s2802a_127, 53.460, 47.330
s2802a_128, 50.331, 47.049
s2802a_129, 34.224, 39.194
s2802a_13, -5.490, 16.761
s2802a_130, 53.415, 48.884
s2802a_131, 47.297, 44.025
s2802a_132, 20.739, 31.792
s2802a_133, 44.644, 51.088
s2802a_134, 51.044, 48.161
s2802a_135, 47.963, 46.920
s2802a_136, -39.198, 14.832
s2802a_137, 32.047, 40.991
s2802a_138, 39.824, 45.185
s2802a_139, 7.901, 31.176
s2802a_14, -0.426, 20.495
s2802a_140, -9.577, 23.295
s2802a_141, -5.521, 27.538
s2802a_142, 44.647, 50.601
s2802a_143, 47.845, 49.418
s2802a_144, -36.226, 18.339
s2802a_145, 45.594, 48.050
s2802a_146, 47.328, 48.747
s2802a_147, 45.687, 49.293
s2802a_148, -11.750, 27.498
s2802a_149, 10.468, 33.322
s2802a_15, 52.413, 47.242
s2802a_150, 3.322, 30.562
s2802a_151, 7.393, 18.437
s2802a_152, 45.125, 46.134
s2802a_153, 47.616, 48.882
s2802a_154, -30.691, 18.059
s2802a_155, 48.190, 48.649
s2802a_156, 54.151, 47.362
s2802a_157, 61.486, 49.963
s2802a_158, 47.393, 47.665
s2802a_159, 46.821, 47.278
s2802a_16, -2.476, 25.807
s2802a_160, -14.435, 24.242
s2802a_161, 45.762, 49.204
s2802a_162, 46.499, 49.109
s2802a_163, 22.893, 36.430
s2802a_164, -31.713, 23.211
s2802a_165, 43.483, 41.658
s2802a_166, -9.687, 20.147
s2802a_167, 46.814, 46.824
s2802a_168, -4.331, 19.443
s2802a_169, 45.575, 48.053
s2802a_17, -19.001, 22.826
s2802a_170, 40.248, 46.492
s2802a_171, 22.446, 35.883
s2802a_172, 55.374, 48.577
s2802a_173, 50.744, 48.623
s2802a_174, 2.457, 21.436
s2802a_175, -35.624, 14.446
s2802a_176, 43.807, 47.461
s2802a_177, 42.141, 43.920
s2802a_178, 44.099, 44.872
s2802a_179, 10.095, 34.070
s2802a_18, 48.173, 46.150
s2802a_180, -24.338, 26.016
s2802a_181, 44.894, 47.777
s2802a_182, 42.244, 46.778
s2802a_183, -64.620, 14.242
s2802a_184, 52.571, 45.379
s2802a_185, -21.083, 21.079
s2802a_186, 51.366, 50.658
s2802a_187, 44.051, 45.746
s2802a_188, 14.305, 26.128
s2802a_189, -14.236, 19.615
s2802a_19, 48.396, 48.401
s2802a_190, 18.039, 28.409
s2802a_191, 48.409, 45.583
s2802a_192, 46.570, 49.577
s2802a_193, 48.711, 46.755
s2802a_194, -15.973, 19.750
s2802a_195, 52.553, 46.085
s2802a_196, 42.103, 48.682
s2802a_197, 52.607, 49.928
s2802a_198, 15.913, 38.479
s2802a_199, 44.097, 48.306
s2802a_2, 53.238, 50.642
s2802a_20, 45.267, 45.661
s2802a_200, 35.993, 46.338
s2802a_201, -34.850, 14.111
s2802a_202, 51.481, 50.665
s2802a_203, 0.273, 30.802
s2802a_204, -49.104, 16.413
s2802a_205, 44.753, 45.189
s2802a_206, 43.691, 47.547
s2802a_207, 52.980, 47.095
s2802a_208, 47.811, 51.842
s2802a_209, 53.320, 45.031
s2802a_21, 11.925, 23.789
s2802a_210, -4.897, 13.636
s2802a_211, 4.104, 19.003
s2802a_212, 60.268, 47.898
s2802a_213, 55.586, 43.261
s2802a_214, 2.324, 26.477
s2802a_215, 53.817, 49.234
s2802a_216, 51.465, 47.525
s2802a_217, 1.923, 34.607
s2802a_218, 48.070, 46.822
s2802a_219, 52.695, 52.126
s2802a_22, -0.486, 24.063
s2802a_220, 45.800, 45.591
s2802a_221, 44.904, 50.429
s2802a_222, 49.980, 49.980
s2802a_223, 49.688, 49.142
s2802a_224, 1.824, 34.033
s2802a_225, 40.904, 48.841
s2802a_226, 47.895, 45.620
s2802a_227, -32.567, 17.016
s2802a_228, 53.507, 50.479
s2802a_229, 45.865, 46.271
s2802a_23, 37.106, 38.049
s2802a_230, 29.745, 35.831
s2802a_231, 7.452, 27.942
s2802a_232, 44.291, 49.379
s2802a_233, 43.078, 40.998
s2802a_234, 45.453, 50.594
s2802a_235, 45.907, 48.413
s2802a_236, 13.886, 31.808
s2802a_237, 61.467, 48.226
s2802a_238, -69.022, 14.750
s2802a_239, 42.187, 46.704
s2802a_24, 6.936, 22.863
s2802a_240, 51.072, 50.002
s2802a_241, 47.139, 48.303
s2802a_242, 49.839, 47.167
s2802a_243, 49.929, 47.204
s2802a_244, 44.034, 48.460
s2802a_245, -12.763, 18.145
s2802a_246, 51.448, 49.115
s2802a_247, 10.815, 32.215
s2802a_248, 45.774, 49.555
s2802a_249, 50.254, 49.035
s2802a_25, 4.310, 24.985
s2802a_250, 3.323, 32.927
s2802a_251, -53.754, 12.109
s2802a_252, 45.750, 47.383
s2802a_253, 53.123, 47.472
s2802a_254, 43.461, 48.250
s2802a_255, -53.413, 16.781
s2802a_256, 46.451, 46.507
s2802a_257, 53.170, 48.814
s2802a_258, -29.337, 22.558
s2802a_259, -38.323, 18.576
s2802a_26, 44.690, 48.065
s2802a_260, -1.295, 23.891
s2802a_261, 50.748, 46.382
s2802a_262, 48.059, 49.912
s2802a_263, -24.557, 18.959
s2802a_264, -1.876, 25.453
s2802a_265, 49.268, 49.334
s2802a_266, 33.817, 37.993
s2802a_267, 50.319, 46.442
s2802a_268, 53.382, 44.819
s2802a_269, 30.426, 25.425
s2802a_27, 52.865, 49.711
s2802a_270, -16.644, 20.396
s2802a_271, 2.696, 22.837
s2802a_272, 13.893, 35.650
s2802a_273, 50.531, 50.301
s2802a_274, 16.856, 24.359
s2802a_275, 47.030, 49.160
s2802a_276, 37.412, 37.094
s2802a_277, 49.095, 48.959
s2802a_278, 45.871, 49.448
s2802a_279, 45.040, 36.956
s2802a_28, 45.847, 47.535
s2802a_280, 41.767, 52.223
s2802a_281, 33.967, 37.495
s2802a_282, 48.562, 51.774
s2802a_283, 56.930, 46.191
s2802a_284, 52.808, 48.656
s2802a_285, -8.891, 26.974
s2802a_286, -2.232, 17.077
s2802a_287, 50.001, 47.853
s2802a_288, 46.703, 51.505
s2802a_289, 1.146, 28.387
s2802a_29, 49.821, 53.146
s2802a_290, -22.954, 13.115
s2802a_291, -44.724, 11.308
s2802a_292, 5.427, 33.185
s2802a_293, 49.101, 46.689
s2802a_294, 49.439, 48.184
s2802a_295, 44.513, 41.830
s2802a_296, 47.712, 49.050
s2802a_3, 45.054, 45.682
s2802a_30, -12.179, 15.061
s2802a_31, 45.987, 48.608
s2802a_32, 50.901, 50.482
s2802a_33, -64.755, 14.124
s2802a_34, 50.381, 47.620
s2802a_35, 46.077, 42.816
s2802a_36, 49.676, 49.817
s2802a_37, 50.841, 49.926
s2802a_38, -39.748, 15.140
s2802a_39, 12.365, 24.311
s2802a_4, -9.422, 21.719
s2802a_40, 29.551, 38.574
s2802a_41, 48.507, 47.277
s2802a_42, 52.441, 47.664
s2802a_43, 53.705, 42.258
s2802a_44, 0.999, 24.548
s2802a_45, 51.503, 46.725
s2802a_46, 50.528, 48.103
s2802a_47, -15.809, 25.272
s2802a_48, 40.312, 44.008
s2802a_49, -4.699, 19.104
s2802a_5, -83.448, 11.523
s2802a_50, -1.493, 24.883
s2802a_51, 46.766, 47.601
s2802a_52, 2.671, 34.252
s2802a_53, 50.142, 47.301
s2802a_54, 2.458, 19.598
s2802a_55, -32.578, 13.336
s2802a_56, 38.490, 42.671
s2802a_57, 17.372, 34.393
s2802a_58, 37.425, 49.200
s2802a_59, 10.914, 36.483
s2802a_6, -65.307, 10.255
s2802a_60, 42.543, 48.455
s2802a_61, -37.942, 18.613
s2802a_62, 49.515, 49.211
s2802a_63, 18.779, 38.744
s2802a_64, 51.529, 52.446
s2802a_65, -45.643, 15.275
s2802a_66, 8.865, 34.944
s2802a_67, 52.639, 48.637
s2802a_68, -17.953, 20.717
s2802a_69, -17.769, 15.763
s2802a_7, -21.563, 16.720
s2802a_70, -30.883, 15.981
s2802a_71, 43.206, 50.120
s2802a_72, -1.434, 19.925
s2802a_73, 10.460, 36.771
s2802a_74, 41.722, 47.461
s2802a_75, -0.294, 14.701
s2802a_76, 34.880, 36.686
s2802a_77, 36.654, 47.886
s2802a_78, 63.062, 49.067
s2802a_79, 42.746, 48.093
s2802a_8, 52.579, 47.699
s2802a_80, -28.285, 16.533
s2802a_81, 53.766, 51.567
s2802a_82, -28.422, 16.544
s2802a_83, 50.102, 49.876
s2802a_84, -23.667, 11.153
s2802a_85, -3.882, 21.315
s2802a_86, -8.823, 23.093
s2802a_87, 47.433, 48.912
s2802a_88, 44.015, 50.766
s2802a_89, -18.301, 14.109
s2802a_9, -37.524, 4.664
s2802a_90, 53.622, 45.613
s2802a_91, 22.200, 41.015
s2802a_92, -22.050, 25.440
s2802a_93, 19.875, 38.123
s2802a_94, 44.440, 48.615
s2802a_95, -26.229, 16.854
s2802a_96, 49.243, 50.670
s2802a_97, 48.019, 49.804
s2802a_98, 49.248, 49.725
s2802a_99, 13.657, 31.714
s2802b_0, 46.503, 49.775
s2802b_1, -4.561, 31.179
s2802b_10, -16.318, 17.376
s2802b_100, 47.294, 50.063
s2802b_101, -31.017, 18.307
s2802b_102, -11.664, 24.089
s2802b_103, 45.754, 50.191
s2802b_104, 56.504, 51.689
s2802b_105, 35.751, 35.102
s2802b_106, 50.762, 54.379
s2802b_107, -31.394, 21.794
s2802b_108, 13.050, 28.499
s2802b_109, 43.857, 46.711
s2802b_11, 50.870, 47.696
s2802b_110, -13.138, 20.347
s2802b_111, 28.626, 41.842
s2802b_112, -19.700, 19.726
s2802b_113, 44.518, 49.669
s2802b_114, 18.782, 35.370
s2802b_115, 46.085, 46.601
s2802b_116, -19.376, 21.092
s2802b_117, 39.786, 43.647
s2802b_118, 51.438, 51.324
s2802b_119, 49.537, 49.810
s2802b_12, -6.513, 18.349
s2802b_120, -28.897, 17.923
s2802b_121, 15.538, 32.658
s2802b_122, 14.874, 31.172
s2802b_123, -47.308, 15.844
s2802b_124, 27.049, 32.427
s2802b_125, 55.253, 47.969
s2802b_126, 45.427, 41.767
s2802b_127, 45.913, 43.997
s2802b_128, 20.756, 36.109
s2802b_129, -14.815, 24.994
s2802b_13, 55.784, 50.832
s2802b_130, 43.284, 44.281
s2802b_131, -24.527, 19.563
s2802b_132, 42.974, 48.587
s2802b_133, 46.721, 49.084
s2802b_134, 49.192, 51.121
s2802b_135, -10.975, 21.407
s2802b_136, 50.078, 51.044
s2802b_137, 45.060, 51.501
s2802b_138, 46.530, 45.865
s2802b_139, 55.462, 47.429
s2802b_14, 47.784, 43.197
s2802b_140, 19.189, 32.518
s2802b_141, -9.637, 26.943
s2802b_142, 10.799, 32.200
s2802b_143, 40.535, 49.787
s2802b_144, 27.732, 44.017
s2802b_145, 36.972, 36.119
s2802b_146, 32.053, 44.676
s2802b_147, 48.960, 46.120
s2802b_148, 52.947, 55.212
s2802b_149, 41.679, 51.607
s2802b_15, 46.659, 47.769
s2802b_150, 41.071, 49.554
s2802b_151, 48.516, 49.098
s2802b_152, 46.109, 47.991
s2802b_153, 50.200, 55.228
s2802b_154, 58.899, 52.307
s2802b_155, -6.534, 19.466
s2802b_156, 48.442, 51.214
s2802b_157, 45.713, 50.278
s2802b_158, 48.702, 50.407
s2802b_159, 49.371, 51.572
s2802b_16, 10.569, 37.362
s2802b_160, 53.790, 48.343
s2802b_161, 25.551, 38.354
s2802b_162, -12.335, 27.694
s2802b_163, 4.157, 27.957
s2802b_164, 44.265, 42.481
s2802b_165, 29.808, 36.358
s2802b_166, 47.829, 46.015
s2802b_167, 42.119, 45.962
s2802b_168, 52.243, 52.155
s2802b_169, 43.760, 48.993
s2802b_17, -28.848, 17.563
s2802b_170, -4.416, 19.382
s2802b_171, 9.859, 24.142
s2802b_172, 47.120, 49.660
s2802b_173, 37.979, 45.826
s2802b_174, -5.831, 23.263
s2802b_175, -5.491, 24.374
s2802b_176, 46.051, 47.209
s2802b_177, 36.170, 48.780
s2802b_178, 47.837, 48.499
s2802b_179, 25.845, 40.702
s2802b_18, 43.351, 50.690
s2802b_180, -13.018, 18.850
s2802b_181, 49.384, 49.135
s2802b_182, 52.309, 47.781
s2802b_183, 48.328, 50.543
s2802b_184, 51.311, 51.101
s2802b_185, 26.094, 44.451
s2802b_186, 48.229, 48.573
s2802b_187, 46.287, 48.928
s2802b_188, -8.756, 23.352
s2802b_189, 40.839, 48.670
s2802b_19, 47.932, 47.460
s2802b_190, 49.577, 49.758
s2802b_191, -21.247, 25.256
s2802b_192, 52.294, 50.101
s2802b_193, 40.898, 48.210
s2802b_194, 39.498, 46.111
s2802b_195, 44.568, 49.235
s2802b_196, 24.391, 35.452
s2802b_197, 51.229, 46.443
s2802b_198, 50.638, 48.159
s2802b_199, 42.887, 47.622
s2802b_2, 3.352, 35.859
s2802b_20, 45.447, 49.322
s2802b_200, 48.403, 48.832
s2802b_201, -7.558, 20.094
s2802b_202, -12.252, 26.401
s2802b_203, 48.248, 50.702
s2802b_204, 48.938, 47.183
s2802b_205, -35.870, 18.335
s2802b_206, 43.184, 51.138
s2802b_207, -9.942, 19.276
s2802b_208, 8.606, 37.395
s2802b_209, 44.838, 39.194
s2802b_21, -16.045, 19.375
s2802b_210, 52.562, 50.898
s2802b_211, -33.512, 13.333
s2802b_212, 62.642, 52.780
s2802b_213, 20.396, 32.751
s2802b_214, 46.224, 51.893
s2802b_215, 46.289, 50.966
s2802b_216, -12.282, 24.732
s2802b_217, 52.537, 51.134
s2802b_218, 29.794, 40.979
s2802b_219, -26.318, 22.170
s2802b_22, -45.529, 14.197
s2802b_220, 47.539, 50.739
s2802b_221, 4.626, 35.129
s2802b_222, 50.430, 51.292
s2802b_223, 44.790, 51.843
s2802b_224, -67.665, 10.686
s2802b_225, 56.536, 53.439
s2802b_226, 49.859, 47.970
s2802b_227, 49.822, 49.378
s2802b_228, 15.834, 37.851
s2802b_229, 21.356, 35.159
s2802b_23, 43.769, 49.728
s2802b_230, 46.642, 49.603
s2802b_231, 47.985, 47.940
s2802b_232, 51.829, 52.693
s2802b_233, -21.889, 21.140
s2802b_234, 45.417, 50.026
s2802b_235, 47.233, 48.033
s2802b_236, 0.052, 25.095
s2802b_237, 6.480, 29.719
s2802b_238, -15.788, 24.804
s2802b_239, 18.698, 36.788
s2802b_24, 3.863, 34.161
s2802b_240, -1.770, 27.468
s2802b_241, 44.971, 49.537
s2802b_242, 47.065, 50.985
s2802b_243, 49.307, 48.990
s2802b_244, 9.823, 31.801
s2802b_245, 54.903, 50.731
s2802b_246, 48.793, 50.544
s2802b_247, 51.466, 50.987
s2802b_248, 36.530, 47.556
s2802b_249, 7.921, 26.910
s2802b_25, 48.189, 50.280
s2802b_250, 15.803, 37.682
s2802b_251, -41.003, 15.142
s2802b_252, 49.382, 50.246
s2802b_253, 23.498, 35.282
s2802b_254, 49.559, 50.229
s2802b_255, 46.963, 50.167
s2802b_256, 8.800, 32.519
s2802b_257, -10.904, 23.462
s2802b_258, 50.524, 51.031
s2802b_259, 44.661, 50.249
s2802b_26, 50.165, 48.021
s2802b_260, 3.945, 30.881
s2802b_261, 49.179, 49.557
s2802b_262, 46.733, 48.124
s2802b_263, 47.645, 49.393
s2802b_264, 25.364, 40.466
s2802b_265, 26.109, 39.000
s2802b_266, 13.727, 27.719
s2802b_267, 46.787, 49.718
s2802b_268, -25.656, 20.805
s2802b_269, 48.614, 49.773
s2802b_27, 46.793, 49.399
s2802b_270, 59.658, 48.183
s2802b_271, 45.033, 52.100
s2802b_272, 41.513, 45.176
s2802b_273, 48.867, 52.324
s2802b_274, -0.384, 25.663
s2802b_275, -19.375, 20.937
s2802b_276, 18.081, 35.985
s2802b_277, -19.308, 25.593
s2802b_278, -37.398, 14.471
s2802b_279, 47.911, 46.330
s2802b_28, -34.999, 18.340
s2802b_280, -12.718, 22.927
s2802b_29, 46.807, 49.519
s2802b_3, -9.284, 22.643
s2802b_30, -30.297, 13.516
s2802b_31, 51.488, 41.357
s2802b_32, 30.792, 37.129
s2802b_33, -7.651, 27.935
s2802b_34, 50.531, 49.069
s2802b_35, 11.206, 26.466
s2802b_36, 38.026, 38.848
s2802b_37, 49.252, 49.318
s2802b_38, -5.307, 28.043
s2802b_39, 53.421, 48.715
s2802b_4, 3.560, 34.557
s2802b_40, 1.186, 25.307
s2802b_41, 48.793, 49.324
s2802b_42, 56.115, 48.249
s2802b_43, 38.299, 32.433
s2802b_44, 57.151, 50.572
s2802b_45, 39.669, 37.689
s2802b_46, 47.970, 47.442
s2802b_47, 47.594, 49.108
s2802b_48, 54.326, 51.500
s2802b_49, -14.240, 22.354
s2802b_5, 22.264, 43.687
s2802b_50, 45.813, 51.111
s2802b_51, 47.618, 46.238
s2802b_52, 53.123, 50.914
s2802b_53, 46.318, 50.798
s2802b_54, -17.523, 20.774
s2802b_55, 51.843, 51.633
s2802b_56, 49.215, 50.337
s2802b_57, 49.801, 46.362
s2802b_58, -37.343, 18.820
s2802b_59, 53.297, 48.255
s2802b_6, 45.664, 49.223
s2802b_60, 47.129, 49.870
s2802b_61, 46.030, 50.924
s2802b_62, -12.595, 24.792
s2802b_63, 44.381, 50.593
s2802b_64, 49.853, 51.984
s2802b_65, 51.987, 50.320
s2802b_66, -20.292, 21.346
s2802b_67, 49.699, 51.262
s2802b_68, -17.152, 23.360
s2802b_69, 51.540, 49.850
s2802b_7, 20.897, 41.147
s2802b_70, 51.976, 51.486
s2802b_71, -21.422, 21.238
s2802b_72, 32.226, 44.298
s2802b_73, -8.737, 27.073
s2802b_74, 52.120, 51.403
s2802b_75, 51.595, 50.669
s2802b_76, -1.709, 27.630
s2802b_77, 48.475, 47.403
s2802b_78, 51.167, 50.626
s2802b_79, 47.056, 48.912
s2802b_8, 8.875, 37.861
s2802b_80, 34.190, 39.891
s2802b_81, -0.680, 28.413
s2802b_82, -38.359, 18.909
s2802b_83, 40.453, 45.713
s2802b_84, 48.787, 50.634
s2802b_85, -20.301, 21.448
s2802b_86, 48.948, 47.484
s2802b_87, 46.119, 49.700
s2802b_88, 21.646, 39.935
s2802b_89, 15.203, 21.152
s2802b_9, 52.334, 52.915
s2802b_90, 4.085, 26.519
s2802b_91, -25.662, 20.606
s2802b_92, 45.950, 51.147
s2802b_93, 48.214, 45.711
s2802b_94, 4.924, 23.340
s2802b_95, 8.912, 25.129
s2802b_96, 46.606, 50.910
s2802b_97, 51.441, 49.567
s2802b_98, 50.009, 50.884
s2802b_99, 54.420, 51.322
s2803a_0, 57.391, 49.119
s2803a_1, 57.755, 49.234
s2803a_10, 49.130, 50.554
s2803a_100, 58.067, 50.625
s2803a_101, 51.919, 50.173
s2803a_102, 52.798, 51.364
s2803a_103, 44.210, 44.533
s2803a_104, -8.675, 22.084
s2803a_105, 46.372, 51.455
s2803a_106, 45.865, 53.000
s2803a_107, -58.029, 13.316
s2803a_108, -36.825, 19.198
s2803a_109, 51.194, 51.132
s2803a_11, 49.117, 52.252
s2803a_110, -25.297, 16.981
s2803a_111, 28.736, 43.045
s2803a_112, 45.336, 50.412
s2803a_113, 47.658, 54.088
s2803a_114, 49.048, 50.931
s2803a_115, 45.673, 51.146
s2803a_116, 43.097, 50.479
s2803a_117, 52.333, 48.566
s2803a_118, -30.442, 18.033
s2803a_119, 57.742, 50.775
s2803a_12, 50.053, 49.775
s2803a_120, 46.271, 49.605
s2803a_121, 44.483, 50.365
s2803a_122, 43.410, 46.848
s2803a_123, 41.636, 49.104
s2803a_124, 48.367, 46.455
s2803a_125, -16.472, 14.110
s2803a_126, -47.011, 16.115
s2803a_127, -7.369, 26.170
s2803a_128, 17.219, 37.862
s2803a_13, -13.206, 20.006
s2803a_14, 48.178, 49.400
s2803a_15, 19.993, 36.315
s2803a_16, 34.996, 40.691
s2803a_17, -38.083, 19.310
s2803a_18, 46.635, 50.525
s2803a_19, -22.882, 14.599
s2803a_2, -35.553, 17.930
s2803a_20, -9.265, 17.618
s2803a_21, 5.826, 38.914
s2803a_22, 22.551, 38.363
s2803a_23, 44.787, 47.515
s2803a_24, -22.292, 16.794
s2803a_25, 50.015, 49.122
s2803a_26, 24.253, 37.568
s2803a_27, 49.556, 49.789
s2803a_28, 32.677, 37.894
s2803a_29, 48.181, 49.101
s2803a_3, 48.924, 52.235
s2803a_30, 4.882, 22.934
s2803a_31, -14.668, 18.464
s2803a_32, 44.161, 52.430
s2803a_33, 9.779, 34.318
s2803a_34, 54.976, 51.463
s2803a_35, 52.858, 52.916
s2803a_36, 7.412, 30.508
s2803a_37, 41.840, 47.859
s2803a_38, 47.601, 49.523
s2803a_39, 48.088, 52.270
s2803a_4, 47.867, 50.645
s2803a_40, 28.532, 42.892
s2803a_41, 50.413, 50.279
s2803a_42, 49.041, 50.214
s2803a_43, 55.319, 52.296
s2803a_44, 51.125, 50.457
s2803a_45, -35.118, 18.479
s2803a_46, 1.256, 32.320
s2803a_47, 45.332, 48.539
s2803a_48, 17.539, 30.784
s2803a_49, -16.823, 15.481
s2803a_5, 5.954, 30.482
s2803a_50, 46.911, 51.345
s2803a_51, 36.126, 47.171
s2803a_52, 23.588, 37.247
s2803a_53, 42.281, 49.945
s2803a_54, 14.314, 36.697
s2803a_55, 1.800, 36.430
s2803a_56, 52.747, 50.576
s2803a_57, 8.893, 31.829
s2803a_58, 48.581, 50.364
s2803a_59, 48.457, 47.841
s2803a_6, 49.050, 50.887
s2803a_60, 3.717, 29.756
s2803a_61, -29.564, 17.956
s2803a_62, 47.915, 48.738
s2803a_63, 46.150, 50.166
s2803a_64, 48.152, 49.468
s2803a_65, 8.619, 34.289
s2803a_66, 45.455, 47.295
s2803a_67, -4.887, 24.585
s2803a_68, 8.327, 26.418
s2803a_69, -25.828, 20.549
s2803a_7, -25.984, 22.212
s2803a_70, 56.618, 50.854
s2803a_71, -13.567, 18.598
s2803a_72, 52.832, 50.621
s2803a_73, 9.827, 22.605
s2803a_74, 47.909, 50.490
s2803a_75, 46.165, 51.445
s2803a_76, 44.957, 48.768
s2803a_77, 56.718, 51.646
s2803a_78, 43.174, 52.495
s2803a_79, 48.207, 50.869
s2803a_8, 29.919, 39.160
s2803a_80, 49.530, 49.971
s2803a_81, 55.510, 54.044
s2803a_82, -15.362, 22.985
s2803a_83, 50.605, 51.396
s2803a_84, -29.953, 18.006
s2803a_85, 47.509, 47.746
s2803a_86, 58.840, 41.623
s2803a_87, 18.944, 25.829
s2803a_88, 2.914, 17.804
s2803a_89, -33.702, 16.747
s2803a_9, 50.537, 52.540
s2803a_90, -31.848, 21.971
s2803a_91, 13.045, 31.817
s2803a_92, 47.931, 48.278
s2803a_93, -33.731, 17.915
s2803a_94, 4.176, 31.661
s2803a_95, 53.255, 49.889
s2803a_96, -8.265, 19.174
s2803a_97, 56.953, 49.443
s2803a_98, 27.352, 44.675
s2803a_99, 48.617, 51.022
s3701a_0, -14.427, 18.069
s3701a_1, -17.125, 15.743
s3701a_10, 44.197, 41.030
s3701a_100, 48.338, 46.811
s3701a_101, 41.287, 45.302
s3701a_102, 41.233, 45.218
s3701a_103, 46.369, 46.742
s3701a_104, -2.681, 20.413
s3701a_105, 40.512, 48.066
s3701a_106, 49.283, 50.523
s3701a_107, 7.484, 21.101
s3701a_108, 44.226, 48.493
s3701a_109, 5.419, 26.157
s3701a_11, 45.835, 46.408
s3701a_110, 45.499, 42.927
s3701a_111, 43.167, 46.963
s3701a_112, 45.995, 48.727
s3701a_113, 55.658, 50.790
s3701a_114, 42.325, 45.976
s3701a_115, 46.997, 49.103
s3701a_116, 46.033, 50.413
s3701a_117, 13.856, 31.166
s3701a_118, 47.391, 46.051
s3701a_119, 54.322, 43.782
s3701a_12, 50.796, 47.505
s3701a_120, 51.589, 48.992
s3701a_121, 48.999, 47.786
s3701a_122, -23.817, 20.071
s3701a_123, 37.933, 48.601
s3701a_124, -18.999, 23.500
s3701a_125, 8.110, 30.088
s3701a_126, 48.094, 45.986
s3701a_127, 47.391, 48.442
s3701a_128, 12.646, 35.147
s3701a_129, 39.591, 41.188
s3701a_13, 52.172, 49.850
s3701a_130, 22.045, 35.645
s3701a_131, 31.263, 33.128
s3701a_132, 25.588, 28.731
s3701a_133, 23.226, 36.768
s3701a_134, 49.956, 48.427
s3701a_135, 53.040, 47.753
s3701a_136, 48.486, 46.756
s3701a_137, 52.219, 50.686
s3701a_138, 47.771, 48.682
s3701a_139, 46.463, 47.073
s3701a_14, 49.662, 44.704
s3701a_140, 47.761, 48.676
s3701a_141, 49.196, 44.935
s3701a_142, 47.412, 47.846
s3701a_143, 45.143, 48.038
s3701a_144, 55.402, 51.176
s3701a_145, 54.430, 50.088
s3701a_146, 54.622, 52.080
s3701a_147, 46.647, 44.957
s3701a_148, 1.746, 27.095
s3701a_149, 48.371, 47.405
s3701a_15, 55.748, 46.710
s3701a_150, -14.128, 22.084
s3701a_151, -1.621, 24.221
s3701a_152, 41.240, 46.818
s3701a_153, 48.082, 49.252
s3701a_154, 50.932, 47.570
s3701a_155, -7.742, 31.576
s3701a_156, 53.799, 51.484
s3701a_157, 44.794, 48.299
s3701a_158, 31.229, 35.855
s3701a_159, 12.803, 29.262
s3701a_16, 51.300, 48.231
s3701a_160, -3.566, 27.102
s3701a_161, 47.519, 51.494
s3701a_162, 43.604, 52.782
s3701a_163, -41.513, 10.533
s3701a_164, 41.017, 45.464
s3701a_165, 16.907, 35.329
s3701a_166, 53.425, 47.889
s3701a_167, 45.814, 49.464
s3701a_168, -20.243, 14.388
s3701a_169, 44.408, 49.917
s3701a_17, 13.579, 33.951
s3701a_170, 46.837, 47.029
s3701a_18, -8.046, 31.538
s3701a_19, 2.710, 36.186
s3701a_2, 52.361, 45.295
s3701a_20, 50.029, 50.099
s3701a_21, 47.562, 49.624
s3701a_22, 45.008, 47.928
s3701a_23, -37.762, 13.580
s3701a_24, 48.554, 48.892
s3701a_25, 48.026, 44.539
s3701a_26, 49.701, 46.707
s3701a_27, 50.228, 47.637
s3701a_28, 51.185, 45.727
s3701a_29, 47.867, 48.717
s3701a_3, 47.392, 50.343
s3701a_30, 36.225, 41.561
s3701a_31, 55.492, 42.776
s3701a_32, 47.041, 45.063
s3701a_33, 53.678, 53.330
s3701a_34, 36.337, 37.728
s3701a_35, -42.971, 14.785
s3701a_36, 41.142, 47.444
s3701a_37, -26.192, 21.803
s3701a_38, 26.164, 38.640
s3701a_39, 53.244, 45.317
s3701a_4, 44.511, 48.660
s3701a_40, 5.949, 32.270
s3701a_41, 46.415, 45.486
s3701a_42, 29.240, 22.273
s3701a_43, 37.602, 53.245
s3701a_44, 28.139, 22.709
s3701a_45, 39.447, 39.585
s3701a_46, 14.547, 35.218
s3701a_47, 54.403, 54.190
s3701a_48, 11.312, 23.529
s3701a_49, -33.694, 23.317
s3701a_5, 50.416, 50.666
s3701a_50, 45.956, 47.849
s3701a_51, 9.893, 31.266
s3701a_52, 45.862, 41.623
s3701a_53, 54.507, 49.984
s3701a_54, 5.520, 28.882
s3701a_55, 45.915, 49.198
s3701a_56, 45.731, 47.622
s3701a_57, 41.804, 48.075
s3701a_58, 20.643, 31.602
s3701a_59, 60.904, 45.222
s3701a_6, 51.968, 50.553
s3701a_60, 50.013, 47.969
s3701a_61, -18.668, 15.561
s3701a_62, 3.930, 34.303
s3701a_63, 8.566, 20.981
s3701a_64, 21.391, 32.764
s3701a_65, -19.901, 25.457
s3701a_66, 52.978, 52.234
s3701a_67, 50.098, 44.284
s3701a_68, 48.055, 40.847
s3701a_69, 49.268, 49.082
s3701a_7, -31.292, 12.702
s3701a_70, 36.803, 43.344
s3701a_71, 14.328, 30.902
s3701a_72, 19.068, 35.932
s3701a_73, 47.845, 50.146
s3701a_74, 49.196, 47.783
s3701a_75, 47.444, 48.364
s3701a_76, 42.413, 46.573
s3701a_77, 37.937, 47.758
s3701a_78, 42.109, 47.877
s3701a_79, 57.281, 53.005
s3701a_8, 26.769, 33.923
s3701a_80, 15.933, 28.074
s3701a_81, 48.362, 46.921
s3701a_82, 41.651, 46.233
s3701a_83, 46.838, 51.491
s3701a_84, 17.848, 33.133
s3701a_85, 57.446, 48.215
s3701a_86, 47.203, 47.076
s3701a_87, 26.037, 39.232
s3701a_88, 49.666, 50.170
s3701a_89, 53.820, 49.043
s3701a_9, 47.003, 46.712
s3701a_90, 32.144, 38.254
s3701a_91, 45.480, 47.551
s3701a_92, 48.770, 49.214
s3701a_93, -16.639, 24.875
s3701a_94, -3.602, 26.144
s3701a_95, 56.032, 47.443
s3701a_96, 47.082, 49.870
s3701a_97, 51.960, 50.227
s3701a_98, 42.826, 47.460
s3701a_99, 46.496, 48.226
s3701b_0, 55.537, 50.514
s3701b_1, 42.514, 41.774
s3701b_10, -17.700, 22.232
s3701b_100, -28.601, 16.511
s3701b_101, -2.352, 29.353
s3701b_102, 18.202, 25.024
s3701b_103, 51.841, 44.593
s3701b_104, 37.923, 45.753
s3701b_105, 66.255, 48.696
s3701b_106, 53.639, 48.964
s3701b_107, 26.656, 43.073
s3701b_108, 50.735, 49.703
s3701b_109, 42.918, 51.187
s3701b_11, -27.819, 17.437
s3701b_110, -3.118, 25.196
s3701b_111, 6.387, 35.829
s3701b_112, 50.452, 48.093
s3701b_113, 46.035, 36.245
s3701b_114, 36.597, 40.795
s3701b_115, 4.040, 29.053
s3701b_116, 20.626, 34.230
s3701b_117, 0.689, 31.854
s3701b_118, 46.512, 48.334
s3701b_119, 45.953, 49.464
s3701b_12, 40.024, 50.771
s3701b_120, 49.118, 48.458
s3701b_121, -0.985, 24.944
s3701b_122, -16.131, 14.878
s3701b_123, 41.071, 49.265
s3701b_124, 53.846, 49.363
s3701b_125, 19.628, 30.052
s3701b_126, -0.812, 23.245
s3701b_127, 49.316, 47.648
s3701b_128, 44.642, 46.806
s3701b_129, 48.665, 49.530
s3701b_13, 43.273, 48.744
s3701b_130, 5.234, 31.181
s3701b_131, 45.150, 48.287
s3701b_132, 1.251, 26.253
s3701b_133, 26.177, 28.960
s3701b_134, 42.296, 46.266
s3701b_135, -11.186, 11.960
s3701b_136, 16.780, 32.720
s3701b_137, -12.666, 29.231
s3701b_138, 43.689, 44.567
s3701b_139, -33.893, 22.093
s3701b_14, 4.196, 29.623
s3701b_140, 22.401, 29.930
s3701b_141, -0.588, 21.861
s3701b_142, 20.280, 36.918
s3701b_143, 48.393, 48.999
s3701b_144, 22.966, 29.905
s3701b_145, -75.285, 11.785
s3701b_146, -9.927, 27.587
s3701b_147, 42.930, 42.122
s3701b_148, 50.308, 51.122
s3701b_149, 47.526, 49.040
s3701b_15, 12.066, 31.624
s3701b_150, 46.313, 47.462
s3701b_151, 46.897, 47.450
s3701b_152, -0.719, 30.837
s3701b_153, 21.301, 35.990
s3701b_154, 42.242, 43.474
s3701b_155, 50.615, 53.947
s3701b_156, 45.017, 46.169
s3701b_157, 42.810, 48.767
s3701b_158, 50.821, 49.635
s3701b_159, 24.444, 38.089
s3701b_16, 42.969, 47.620
s3701b_160, 49.224, 48.502
s3701b_161, -12.097, 22.057
s3701b_162, 43.103, 41.166
s3701b_163, -75.299, 11.787
s3701b_164, 43.873, 50.577
s3701b_165, 42.701, 38.622
s3701b_17, -10.691, 15.176
s3701b_18, 48.244, 50.743
s3701b_19, 43.703, 44.349
s3701b_2, -6.541, 21.722
s3701b_20, -15.149, 16.823
s3701b_21, 57.404, 50.889
s3701b_22, 43.454, 50.378
s3701b_23, 52.250, 48.352
s3701b_24, -13.620, 14.791
s3701b_25, 21.485, 38.289
s3701b_26, -38.987, 13.706
s3701b_27, 50.336, 50.101
s3701b_28, 2.644, 26.147
s3701b_29, 19.194, 34.522
s3701b_3, 43.924, 45.855
s3701b_30, -14.975, 23.786
s3701b_31, 45.409, 47.831
s3701b_32, -24.523, 21.735
s3701b_33, 51.089, 45.700
s3701b_34, 52.644, 51.101
s3701b_35, 53.114, 44.134
s3701b_36, -53.613, 12.584
s3701b_37, 53.387, 43.291
s3701b_38, -36.680, 13.577
s3701b_39, 26.591, 32.035
s3701b_4, 44.847, 45.317
s3701b_40, 45.656, 47.853
s3701b_41, 42.560, 43.389
s3701b_42, 42.076, 47.738
s3701b_43, -33.843, 18.253
s3701b_44, 52.384, 49.618
s3701b_45, 52.428, 49.008
s3701b_46, 41.977, 43.288
s3701b_47, 60.889, 52.032
s3701b_48, 0.776, 25.727
s3701b_49, 46.654, 45.122
s3701b_5, 57.192, 49.145
s3701b_50, 44.301, 47.417
s3701b_51, -5.162, 27.288
s3701b_52, 13.224, 22.273
s3701b_53, 42.836, 45.276
s3701b_54, 54.810, 50.575
s3701b_55, 34.756, 40.006
s3701b_56, 49.265, 45.698
s3701b_57, -3.385, 26.919
s3701b_58, 10.690, 31.519
s3701b_59, 43.975, 47.489
s3701b_6, 52.410, 49.243
s3701b_60, 47.440, 48.419
s3701b_61, 21.464, 35.171
s3701b_62, 46.902, 46.625
s3701b_63, 42.121, 49.983
s3701b_64, 48.888, 50.053
s3701b_65, -10.959, 17.588
s3701b_66, 51.025, 46.022
s3701b_67, 46.029, 49.579
s3701b_68, -25.694, 22.940
s3701b_69, -61.563, 13.920
s3701b_7, 11.119, 30.749
s3701b_70, 42.374, 46.061
s3701b_71, 49.395, 42.737
s3701b_72, 57.807, 47.920
s3701b_73, 50.873, 52.324
s3701b_74, -26.328, 16.416
s3701b_75, 42.783, 44.100
s3701b_76, 46.850, 48.585
s3701b_77, -50.837, 16.224
s3701b_78, 43.327, 49.170
s3701b_79, 6.190, 30.115
s3701b_8, 46.125, 43.237
s3701b_80, 18.091, 32.825
s3701b_81, 44.059, 50.555
s3701b_82, 4.224, 28.368
s3701b_83, 48.586, 43.946
s3701b_84, 38.059, 45.935
s3701b_85, -47.406, 11.540
s3701b_86, 43.354, 49.129
s3701b_87, -12.057, 26.325
s3701b_88, 50.682, 50.386
s3701b_89, 40.564, 40.638
s3701b_9, 59.339, 52.143
s3701b_90, -7.170, 17.198
s3701b_91, 48.804, 50.816
s3701b_92, 49.870, 45.041
s3701b_93, 41.758, 39.092
s3701b_94, -2.993, 31.898
s3701b_95, 49.633, 44.109
s3701b_96, -11.261, 27.220
s3701b_97, 47.013, 49.258
s3701b_98, -4.877, 28.378
s3701b_99, 47.349, 48.049
s3702a_0, 30.199, 44.118
s3702a_1, 55.389, 50.829
s3702a_10, -13.723, 27.397
s3702a_100, 46.013, 48.927
s3702a_101, 44.828, 51.987
s3702a_102, 43.889, 52.951
s3702a_103, 36.096, 41.482
s3702a_104, 5.746, 17.231
s3702a_105, 46.611, 44.352
s3702a_106, 46.323, 51.854
s3702a_107, -17.521, 18.483
s3702a_108, 29.266, 44.786
s3702a_109, 19.407, 25.357
s3702a_11, 18.931, 35.324
s3702a_110, 39.528, 39.798
s3702a_111, 16.892, 32.832
s3702a_112, -34.182, 21.625
s3702a_113, 44.515, 51.433
s3702a_114, 39.681, 46.606
s3702a_115, -33.380, 18.707
s3702a_116, 16.954, 34.252
s3702a_117, -45.307, 19.807
s3702a_118, -46.852, 20.546
s3702a_119, 39.981, 45.672
s3702a_12, 19.285, 16.066
s3702a_120, 42.914, 47.999
s3702a_121, -9.182, 24.936
s3702a_122, -5.352, 26.684
s3702a_123, 38.157, 37.363
s3702a_124, 44.444, 47.537
s3702a_125, 20.859, 31.743
s3702a_126, 31.246, 46.877
s3702a_127, 53.441, 48.288
s3702a_128, 15.203, 35.555
s3702a_129, 53.648, 52.906
s3702a_13, 41.442, 29.077
s3702a_130, 36.481, 47.852
s3702a_131, 43.845, 47.962
s3702a_132, 53.076, 45.063
s3702a_133, -47.455, 14.721
s3702a_134, -63.290, 13.815
s3702a_135, -36.251, 9.845
s3702a_136, 48.028, 48.320
s3702a_137, -21.954, 20.389
s3702a_138, 48.757, 46.021
s3702a_139, 36.054, 51.755
s3702a_14, 16.849, 15.238
s3702a_140, 45.202, 45.267
s3702a_141, 32.953, 39.905
s3702a_142, 43.692, 51.062
s3702a_143, 52.508, 52.038
s3702a_144, 52.950, 48.505
s3702a_145, -36.841, 18.978
s3702a_146, 44.733, 46.473
s3702a_147, 52.419, 53.441
s3702a_148, 52.400, 48.489
s3702a_149, 45.173, 48.224
s3702a_15, -20.043, 20.698
s3702a_150, 52.014, 47.559
s3702a_151, 44.978, 50.231
s3702a_152, 45.070, 47.933
s3702a_153, 46.730, 51.325
s3702a_154, 6.065, 33.424
s3702a_155, 5.871, 32.007
s3702a_156, 15.498, 35.571
s3702a_157, 49.563, 45.874
s3702a_16, 42.727, 50.092
s3702a_17, 48.101, 52.523
s3702a_18, -4.305, 16.570
s3702a_19, 50.176, 51.487
s3702a_2, 52.367, 48.490
s3702a_20, 50.765, 47.538
s3702a_21, 14.956, 28.246
s3702a_22, 47.666, 49.357
s3702a_23, 47.692, 47.649
s3702a_24, 29.180, 35.282
s3702a_25, 50.747, 46.718
s3702a_26, 42.741, 46.559
s3702a_27, 44.831, 52.141
s3702a_28, -23.199, 21.328
s3702a_29, -14.700, 12.004
s3702a_3, 40.498, 45.501
s3702a_30, 1.489, 23.199
s3702a_31, 43.422, 45.260
s3702a_32, -15.220, 22.844
s3702a_33, -42.980, 18.707
s3702a_34, 16.686, 35.668
s3702a_35, 3.369, 25.888
s3702a_36, 40.122, 46.789
s3702a_37, 27.644, 44.496
s3702a_38, 47.032, 48.438
s3702a_39, 19.788, 35.490
s3702a_4, 47.103, 47.980
s3702a_40, 20.576, 44.160
s3702a_41, 49.334, 47.828
s3702a_42, 46.521, 43.779
s3702a_43, 47.822, 51.059
s3702a_44, -10.722, 22.203
s3702a_45, 51.228, 48.375
s3702a_46, 48.791, 50.319
s3702a_47, -16.179, 18.323
s3702a_48, 54.030, 52.588
s3702a_49, 49.666, 50.174
s3702a_5, -11.910, 28.021
s3702a_50, 44.911, 42.491
s3702a_51, 51.392, 52.926
s3702a_52, 41.316, 47.428
s3702a_53, 53.928, 47.308
s3702a_54, 52.928, 46.934
s3702a_55, 48.384, 44.602
s3702a_56, -18.779, 21.468
s3702a_57, 45.983, 41.237
s3702a_58, 49.896, 49.330
s3702a_59, -28.812, 22.365
s3702a_6, 46.171, 48.657
s3702a_60, 44.444, 47.104
s3702a_61, 47.829, 51.388
s3702a_62, 29.715, 37.714
s3702a_63, -3.851, 20.370
s3702a_64, -5.001, 25.555
s3702a_65, 48.560, 49.423
s3702a_66, 44.744, 50.117
s3702a_67, 41.316, 39.565
s3702a_68, 49.855, 48.453
s3702a_69, -28.625, 22.372
s3702a_7, 55.448, 49.990
s3702a_70, -7.677, 23.423
s3702a_71, 51.697, 53.496
s3702a_72, 44.743, 49.705
s3702a_73, 54.790, 46.398
s3702a_74, 53.810, 46.607
s3702a_75, -21.735, 21.389
s3702a_76, 45.549, 43.144
s3702a_77, 50.015, 48.106
s3702a_78, -15.508, 16.830
s3702a_79, 52.089, 45.315
s3702a_8, 52.681, 50.912
s3702a_80, 35.660, 40.072
s3702a_81, -15.188, 23.616
s3702a_82, 46.267, 48.728
s3702a_83, 45.889, 44.344
s3702a_84, 37.858, 45.895
s3702a_85, -68.755, 10.971
s3702a_86, 1.580, 24.325
s3702a_87, 48.759, 50.197
s3702a_88, -36.872, 14.309
s3702a_89, 47.650, 49.338
s3702a_9, -48.674, 11.957
s3702a_90, -59.204, 12.949
s3702a_91, 45.104, 50.053
s3702a_92, -58.042, 13.324
s3702a_93, -65.097, 14.228
s3702a_94, -56.339, 13.000
s3702a_95, 49.289, 48.779
s3702a_96, 16.182, 35.353
s3702a_97, 44.687, 47.506
s3702a_98, -5.004, 22.508
s3702a_99, 46.094, 44.881
s3702b_0, -7.039, 14.782
s3702b_1, 17.990, 27.207
s3702b_10, -68.497, 10.820
s3702b_100, 23.508, 30.301
s3702b_101, 51.569, 48.430
s3702b_102, -36.892, 17.728
s3702b_103, 54.190, 50.184
s3702b_104, 50.730, 48.301
s3702b_105, 46.861, 47.732
s3702b_106, 38.490, 42.126
s3702b_107, 17.477, 31.668
s3702b_108, 9.494, 35.768
s3702b_109, 5.512, 20.191
s3702b_11, 0.301, 34.802
s3702b_110, -21.635, 24.543
s3702b_111, 47.143, 49.797
s3702b_112, 52.544, 46.710
s3702b_113, 45.303, 48.196
s3702b_114, 51.359, 50.190
s3702b_115, 46.720, 45.222
s3702b_116, 48.628, 46.977
s3702b_117, 3.425, 31.975
s3702b_118, 46.871, 49.871
s3702b_119, 49.733, 49.433
s3702b_12, 8.755, 26.505
s3702b_120, -24.663, 17.018
s3702b_121, -6.480, 20.306
s3702b_13, 50.855, 46.514
s3702b_14, 9.868, 36.989
s3702b_15, 28.132, 36.571
s3702b_16, 51.963, 46.158
s3702b_17, -8.443, 26.931
s3702b_18, 49.242, 51.179
s3702b_19, 47.144, 48.986
s3702b_2, 31.209, 32.172
s3702b_20, 52.101, 50.106
s3702b_21, -13.429, 17.837
s3702b_22, 42.690, 49.546
s3702b_23, 3.511, 31.495
s3702b_24, 41.767, 46.319
s3702b_25, 35.626, 40.278
s3702b_26, 42.375, 47.085
s3702b_27, -11.720, 23.694
s3702b_28, -0.303, 26.141
s3702b_29, -25.552, 20.792
s3702b_3, -27.515, 21.307
s3702b_30, 40.560, 47.910
s3702b_31, 46.592, 49.218
s3702b_32, -3.452, 25.055
s3702b_33, 47.150, 50.199
s3702b_34, 47.465, 47.953
s3702b_35, 12.702, 29.905
s3702b_36, 51.141, 49.204
s3702b_37, -9.142, 22.729
s3702b_38, 28.184, 39.324
s3702b_39, 5.348, 35.366
s3702b_4, -31.189, 16.711
s3702b_40, -17.759, 17.913
s3702b_41, -47.844, 11.317
s3702b_42, -33.765, 4.764
s3702b_43, 32.780, 45.124
s3702b_44, 46.892, 47.489
s3702b_45, -7.516, 25.575
s3702b_46, -16.964, 15.242
s3702b_47, 47.853, 46.155
s3702b_48, 44.246, 46.283
s3702b_49, 0.028, 28.804
s3702b_5, 57.844, 47.498
s3702b_50, 5.349, 25.001
s3702b_51, 48.808, 48.475
s3702b_52, 50.130, 49.363
s3702b_53, 58.083, 42.042
s3702b_54, 12.610, 30.941
s3702b_55, 0.803, 21.695
s3702b_56, 13.989, 37.000
s3702b_57, 38.054, 48.606
s3702b_58, 47.869, 47.928
s3702b_59, 37.695, 41.984
s3702b_6, 34.415, 42.280
s3702b_60, 3.185, 28.390
s3702b_61, 21.161, 32.702
s3702b_62, 22.824, 36.609
s3702b_63, -22.917, 29.077
s3702b_64, 37.033, 44.235
s3702b_65, 45.337, 50.038
s3702b_66, 46.289, 46.951
s3702b_67, 40.423, 49.493
s3702b_68, 48.532, 49.802
s3702b_69, 9.128, 29.950
s3702b_7, 5.861, 29.350
s3702b_70, -6.765, 23.849
s3702b_71, 52.809, 47.628
s3702b_72, 4.510, 26.531
s3702b_73, 5.980, 26.760
s3702b_74, 6.302, 19.026
s3702b_75, 45.510, 49.220
s3702b_76, 54.691, 49.821
s3702b_77, 46.205, 52.700
s3702b_78, 48.404, 47.546
s3702b_79, 46.938, 39.903
s3702b_8, 48.148, 45.934
s3702b_80, 56.834, 49.737
s3702b_81, 49.988, 50.658
s3702b_82, 60.406, 48.840
s3702b_83, 46.015, 47.408
s3702b_84, 53.658, 44.585
s3702b_85, -20.673, 19.774
s3702b_86, 46.900, 47.134
s3702b_87, 8.383, 26.450
s3702b_88, 9.096, 32.408
s3702b_89, 46.564, 50.629
s3702b_9, 48.158, 47.539
s3702b_90, 44.847, 42.912
s3702b_91, 52.682, 50.461
s3702b_92, 50.164, 45.695
s3702b_93, 24.763, 35.221
s3702b_94, -17.677, 19.785
s3702b_95, 44.067, 44.368
s3702b_96, 2.316, 24.918
s3702b_97, -15.110, 18.952
s3702b_98, 48.595, 49.982
s3702b_99, -8.963, 20.555
s3703a_0, -14.916, 15.717
s3703a_1, 45.731, 43.153
s3703a_10, -2.782, 24.321
s3703a_100, 45.602, 43.919
s3703a_101, 44.172, 46.371
s3703a_102, 46.995, 51.777
s3703a_103, 52.909, 51.224
s3703a_104, 47.088, 49.275
s3703a_105, 46.202, 51.198
s3703a_106, 47.760, 47.892
s3703a_107, 43.837, 46.144
s3703a_108, 43.606, 47.435
s3703a_109, 24.130, 35.034
s3703a_11, 48.892, 45.229
s3703a_110, 10.932, 19.447
s3703a_111, 6.817, 30.953
s3703a_112, 43.896, 47.328
s3703a_113, 27.777, 40.644
s3703a_114, 47.874, 49.341
s3703a_115, 48.281, 48.366
s3703a_116, -3.045, 21.175
s3703a_117, 52.109, 46.492
s3703a_118, 38.725, 46.601
s3703a_119, -17.472, 13.400
s3703a_12, 5.518, 30.933
s3703a_120, 42.670, 41.283
s3703a_121, 49.526, 47.838
s3703a_122, 46.387, 45.796
s3703a_123, 52.051, 48.815
s3703a_124, 21.133, 30.626
s3703a_125, 53.288, 48.000
s3703a_126, -65.065, 10.565
s3703a_127, 48.910, 51.752
s3703a_128, 43.791, 49.583
s3703a_129, -24.540, 25.186
s3703a_13, 21.996, 25.288
s3703a_130, 49.240, 48.087
s3703a_131, 54.416, 48.609
s3703a_132, 39.934, 45.689
s3703a_133, 48.535, 54.134
s3703a_134, 43.607, 49.777
s3703a_135, -6.733, 25.182
s3703a_136, 35.249, 43.685
s3703a_137, 44.461, 46.968
s3703a_138, 48.321, 49.882
s3703a_139, 44.179, 47.749
s3703a_14, 18.860, 36.975
s3703a_15, 47.028, 48.966
s3703a_16, 50.290, 49.615
s3703a_17, 48.912, 49.498
s3703a_18, 55.167, 51.598
s3703a_19, 49.174, 51.019
s3703a_2, 42.701, 50.836
s3703a_20, 5.819, 34.789
s3703a_21, -14.438, 27.792
s3703a_22, -68.887, 10.955
s3703a_23, 48.209, 46.612
s3703a_24, 7.618, 20.110
s3703a_25, 45.564, 48.594
s3703a_26, -26.229, 22.839
s3703a_27, 43.631, 49.249
s3703a_28, 48.452, 48.372
s3703a_29, 45.577, 52.406
s3703a_3, 47.542, 50.421
s3703a_30, 20.571, 43.396
s3703a_31, 44.768, 46.664
s3703a_32, 8.477, 38.120
s3703a_33, 49.733, 49.471
s3703a_34, 0.257, 26.424
s3703a_35, 46.719, 48.787
s3703a_36, -16.182, 18.962
s3703a_37, 46.473, 53.416
s3703a_38, 52.328, 50.866
s3703a_39, 48.883, 49.629
s3703a_4, 19.508, 31.006
s3703a_40, 23.662, 24.186
s3703a_41, 13.121, 34.285
s3703a_42, 40.870, 46.277
s3703a_43, 48.375, 48.013
s3703a_44, 18.232, 30.604
s3703a_45, -32.956, 20.466
s3703a_46, 44.025, 46.791
s3703a_47, 45.902, 48.892
s3703a_48, 45.798, 50.145
s3703a_49, 51.812, 49.396
s3703a_5, 46.149, 50.760
s3703a_50, -4.937, 26.051
s3703a_51, 9.400, 33.747
s3703a_52, -6.323, 25.003
s3703a_53, 42.305, 49.366
s3703a_54, 48.896, 49.822
s3703a_55, 44.560, 48.900
s3703a_56, 49.148, 49.825
s3703a_57, 49.224, 48.096
s3703a_58, 41.471, 48.047
s3703a_59, 47.251, 49.636
s3703a_6, 41.716, 47.364
s3703a_60, 48.271, 49.132
s3703a_61, 42.045, 45.361
s3703a_62, 50.284, 45.080
s3703a_63, -58.696, 17.197
s3703a_64, 47.094, 49.706
s3703a_65, -3.375, 24.806
s3703a_66, 49.991, 48.890
s3703a_67, 48.371, 48.961
s3703a_68, 42.942, 49.217
s3703a_69, 48.172, 47.818
s3703a_7, 50.358, 49.288
s3703a_70, 55.040, 46.578
s3703a_71, 49.736, 49.918
s3703a_72, 11.300, 36.351
s3703a_73, 2.868, 27.990
s3703a_74, 47.342, 49.502
s3703a_75, 16.144, 32.036
s3703a_76, 18.154, 31.870
s3703a_77, 49.826, 53.604
s3703a_78, 47.945, 47.567
s3703a_79, -34.183, 17.136
s3703a_8, 50.703, 49.334
s3703a_80, -62.365, 18.332
s3703a_81, 47.948, 49.177
s3703a_82, 52.751, 48.332
s3703a_83, 59.373, 48.127
s3703a_84, 28.714, 43.319
s3703a_85, 42.837, 47.023
s3703a_86, 43.938, 53.781
s3703a_87, 48.607, 48.953
s3703a_88, 34.151, 43.998
s3703a_89, 40.826, 45.333
s3703a_9, 48.149, 48.911
s3703a_90, 50.754, 52.876
s3703a_91, 51.873, 47.458
s3703a_92, 52.067, 46.975
s3703a_93, -15.822, 13.450
s3703a_94, -25.208, 16.071
s3703a_95, -9.145, 23.945
s3703a_96, 42.396, 47.524
s3703a_97, 48.532, 46.364
s3703a_98, 41.027, 46.205
s3703a_99, 47.852, 45.970
s3703b_0, 45.552, 48.647
s3703b_1, 48.125, 46.735
s3703b_10, 46.084, 49.699
s3703b_100, 52.351, 47.095
s3703b_101, 43.285, 45.995
s3703b_102, 25.045, 36.354
s3703b_103, 14.897, 36.565
s3703b_104, 35.528, 47.110
s3703b_105, 41.795, 45.929
s3703b_106, 23.531, 35.225
s3703b_107, -7.235, 31.180
s3703b_108, 25.924, 45.151
s3703b_109, 47.673, 48.035
s3703b_11, 13.757, 33.276
s3703b_110, -4.226, 22.337
s3703b_111, 51.505, 48.058
s3703b_112, 56.914, 48.568
s3703b_113, 4.466, 22.997
s3703b_114, 8.951, 37.010
s3703b_115, 41.876, 35.821
s3703b_116, 43.694, 49.809
s3703b_117, 6.249, 30.249
s3703b_118, 49.392, 50.370
s3703b_119, 18.239, 33.606
s3703b_12, -45.308, 20.111
s3703b_120, 49.852, 51.058
s3703b_121, 51.993, 49.791
s3703b_122, 18.124, 40.097
s3703b_123, 9.789, 31.575
s3703b_124, -7.451, 26.495
s3703b_125, 47.306, 44.309
s3703b_126, -15.402, 23.861
s3703b_127, 45.838, 43.940
s3703b_128, 48.978, 44.611
s3703b_129, 46.475, 52.965
s3703b_13, 29.552, 44.849
s3703b_130, 49.381, 49.338
s3703b_131, 48.580, 39.191
s3703b_132, 44.279, 52.757
s3703b_133, 43.921, 50.453
s3703b_134, -12.261, 22.255
s3703b_135, 33.314, 45.974
s3703b_136, 44.253, 49.298
s3703b_137, 49.983, 51.269
s3703b_138, 2.713, 18.832
s3703b_139, 32.924, 29.966
s3703b_14, 41.692, 46.063
s3703b_140, 18.864, 36.179
s3703b_141, 49.613, 49.969
s3703b_142, -21.628, 23.560
s3703b_143, 51.707, 47.865
s3703b_144, -23.079, 14.483
s3703b_145, -22.174, 13.831
s3703b_146, 53.683, 49.891
s3703b_147, 46.377, 48.408
s3703b_148, -39.633, 19.075
s3703b_149, 29.175, 45.174
s3703b_15, -5.173, 22.909
s3703b_150, 41.720, 48.221
s3703b_151, -20.336, 20.898
s3703b_152, 5.536, 33.772
s3703b_153, -37.132, 19.068
s3703b_154, 50.874, 50.139
s3703b_155, 5.276, 26.476
s3703b_156, 32.518, 38.957
s3703b_157, 48.622, 49.602
s3703b_158, 6.612, 32.621
s3703b_159, 18.432, 44.848
s3703b_16, 21.153, 36.118
s3703b_160, 46.664, 49.628
s3703b_161, 43.086, 49.742
s3703b_162, 21.184, 41.538
s3703b_163, 38.861, 46.239
s3703b_164, 41.314, 38.679
s3703b_165, -28.481, 21.386
s3703b_166, 43.521, 51.593
s3703b_167, 49.815, 48.093
s3703b_168, 12.522, 33.580
s3703b_169, 47.954, 46.172
s3703b_17, -2.253, 35.141
s3703b_170, -5.636, 24.515
s3703b_171, -75.299, 11.787
s3703b_18, 60.134, 54.392
s3703b_19, -13.072, 19.894
s3703b_2, 7.675, 31.353
s3703b_20, 44.845, 46.853
s3703b_21, -70.174, 11.124
s3703b_22, -46.472, 11.277
s3703b_23, 46.839, 53.151
s3703b_24, 22.861, 34.271
s3703b_25, 47.659, 46.603
s3703b_26, -62.452, 10.069
s3703b_27, -67.163, 14.629
s3703b_28, -59.707, 18.009
s3703b_29, -74.682, 11.691
s3703b_3, 46.469, 47.231
s3703b_30, 49.514, 48.992
s3703b_31, 37.863, 34.488
s3703b_32, -18.104, 23.630
s3703b_33, 46.702, 45.347
s3703b_34, -31.927, 20.941
s3703b_35, 46.075, 49.150
s3703b_36, 52.189, 41.626
s3703b_37, 45.939, 47.868
s3703b_38, -73.402, 11.457
s3703b_39, 46.291, 46.546
s3703b_4, 18.216, 34.423
s3703b_40, 9.934, 38.463
s3703b_41, 51.347, 47.131
s3703b_42, 42.111, 39.611
s3703b_43, 47.212, 47.985
s3703b_44, 48.118, 47.761
s3703b_45, -0.606, 21.518
s3703b_46, -5.247, 22.426
s3703b_47, 49.149, 50.656
s3703b_48, -70.261, 15.084
s3703b_49, 45.073, 49.280
s3703b_5, -38.061, 19.488
s3703b_50, 40.010, 43.950
s3703b_51, 45.023, 48.530
s3703b_52, 25.640, 33.202
s3703b_53, 47.562, 50.913
s3703b_54, 52.210, 49.229
s3703b_55, -43.265, 19.489
s3703b_56, -14.343, 29.289
s3703b_57, 42.529, 49.426
s3703b_58, 52.340, 47.627
s3703b_59, 34.687, 29.486
s3703b_6, 60.136, 49.568
s3703b_60, 20.787, 31.789
s3703b_61, 60.067, 53.157
s3703b_62, 46.747, 51.053
s3703b_63, -22.231, 20.514
s3703b_64, -28.983, 22.442
s3703b_65, 45.588, 50.175
s3703b_66, -12.620, 23.109
s3703b_67, 30.269, 47.478
s3703b_68, 50.240, 49.794
s3703b_69, 49.932, 51.418
s3703b_7, 14.026, 35.943
s3703b_70, -10.235, 27.898
s3703b_71, 47.125, 50.836
s3703b_72, -5.925, 21.850
s3703b_73, -14.039, 23.629
s3703b_74, 42.051, 49.853
s3703b_75, 48.584, 48.924
s3703b_76, 43.189, 44.932
s3703b_77, 47.514, 51.772
s3703b_78, 49.457, 49.743
s3703b_79, 47.220, 49.240
s3703b_8, 13.741, 26.780
s3703b_80, 37.570, 49.048
s3703b_81, 9.118, 28.212
s3703b_82, 51.052, 50.192
s3703b_83, 0.297, 35.506
s3703b_84, 50.885, 52.013
s3703b_85, 3.489, 29.623
s3703b_86, -8.011, 31.760
s3703b_87, -75.299, 11.787
s3703b_88, 45.533, 49.638
s3703b_89, -52.020, 16.392
s3703b_9, 17.466, 32.680
s3703b_90, 37.451, 48.773
s3703b_91, 42.881, 46.227
s3703b_92, 50.420, 48.725
s3703b_93, 21.983, 43.526
s3703b_94, 38.545, 46.645
s3703b_95, 46.798, 51.742
s3703b_96, 46.291, 50.121
s3703b_97, -14.448, 29.137
s3703b_98, 42.671, 50.244
s3703b_99, -66.961, 14.570
