f_id, m_within, m_across, m_delta
s2801a_0, -6.395, 60.808, 67.203
s2801a_1, 10.627, 56.116, 45.489
s2801a_10, 7.096, 70.175, 63.079
s2801a_100, 20.450, 65.257, 44.807
s2801a_101, 15.552, 64.824, 49.271
s2801a_102, 11.957, 62.913, 50.956
s2801a_103, -2.659, 63.726, 66.385
s2801a_104, 14.175, 59.597, 45.421
s2801a_105, 6.882, 59.018, 52.136
s2801a_106, 20.909, 63.283, 42.374
s2801a_107, 12.568, 61.585, 49.017
s2801a_108, 8.149, 56.206, 48.057
s2801a_109, 4.725, 71.558, 66.834
s2801a_11, 12.779, 62.289, 49.510
s2801a_110, 5.121, 64.959, 59.838
s2801a_111, 16.450, 59.136, 42.686
s2801a_112, 10.149, 58.121, 47.972
s2801a_113, 15.401, 58.105, 42.704
s2801a_114, 5.084, 68.711, 63.627
s2801a_115, -3.254, 62.332, 65.586
s2801a_116, 8.904, 58.597, 49.693
s2801a_117, 16.766, 59.055, 42.289
s2801a_118, 15.394, 63.335, 47.941
s2801a_119, 11.966, 61.289, 49.323
s2801a_12, 15.621, 58.616, 42.995
s2801a_120, 13.610, 58.398, 44.788
s2801a_121, 7.577, 62.844, 55.267
s2801a_122, 7.161, 60.504, 53.342
s2801a_123, 5.348, 51.305, 45.957
s2801a_124, 13.096, 58.242, 45.146
s2801a_125, 12.150, 57.164, 45.014
s2801a_126, 15.600, 59.036, 43.436
s2801a_127, 7.290, 62.573, 55.283
s2801a_128, 9.225, 77.481, 68.255
s2801a_129, 16.928, 59.859, 42.931
s2801a_13, 10.453, 60.370, 49.918
s2801a_130, 17.566, 58.262, 40.696
s2801a_131, 12.767, 67.158, 54.391
s2801a_132, 75.222, -105.510, -180.732
s2801a_133, 14.854, 58.477, 43.623
s2801a_134, 3.769, 64.192, 60.423
s2801a_135, 25.825, 74.686, 48.861
s2801a_136, 9.284, 52.334, 43.050
s2801a_137, 13.944, 61.600, 47.656
s2801a_138, 8.230, 64.443, 56.214
s2801a_139, 6.275, 66.119, 59.845
s2801a_14, 15.228, 50.087, 34.859
s2801a_140, 7.466, 60.423, 52.957
s2801a_141, 11.650, 59.976, 48.326
s2801a_142, 12.711, 59.910, 47.199
s2801a_143, 6.823, 58.389, 51.566
s2801a_144, -0.120, 70.563, 70.684
s2801a_145, 5.215, 52.258, 47.043
s2801a_146, 7.697, 74.120, 66.424
s2801a_147, 11.229, 47.776, 36.547
s2801a_148, 0.930, 64.562, 63.633
s2801a_149, 0.361, 57.358, 56.997
s2801a_15, 12.675, 65.327, 52.653
s2801a_150, 7.163, 58.000, 50.837
s2801a_151, 2.298, 56.862, 54.564
s2801a_152, 6.506, 65.948, 59.443
s2801a_153, 11.622, 57.836, 46.214
s2801a_154, 7.574, 59.443, 51.869
s2801a_155, 7.382, 60.742, 53.360
s2801a_156, 11.844, 58.297, 46.453
s2801a_157, 14.097, 59.284, 45.186
s2801a_158, 13.369, 61.052, 47.683
s2801a_159, 12.306, 61.571, 49.265
s2801a_16, 8.002, 58.541, 50.539
s2801a_160, 9.715, 59.573, 49.858
s2801a_161, 2.480, 57.181, 54.701
s2801a_162, 7.864, 67.466, 59.602
s2801a_163, 17.192, 68.533, 51.340
s2801a_164, 10.792, 62.990, 52.197
s2801a_165, 10.926, 66.941, 56.015
s2801a_166, 5.448, 57.577, 52.129
s2801a_167, 13.969, 58.883, 44.914
s2801a_168, 7.842, 55.433, 47.591
s2801a_169, -2.149, 58.876, 61.025
s2801a_17, 12.553, 60.782, 48.228
s2801a_170, 8.657, 48.741, 40.084
s2801a_171, -1.409, 49.775, 51.184
s2801a_172, -0.594, 62.440, 63.033
s2801a_173, 13.484, 64.093, 50.609
s2801a_174, 6.517, 57.962, 51.445
s2801a_175, 8.733, 55.180, 46.447
s2801a_176, 10.172, 62.362, 52.190
s2801a_177, 11.976, 60.265, 48.289
s2801a_178, 6.571, 65.123, 58.552
s2801a_179, 28.825, 87.414, 58.589
s2801a_18, 7.319, 53.856, 46.537
s2801a_180, 8.575, 77.776, 69.201
s2801a_181, 10.728, 58.981, 48.253
s2801a_182, 20.765, 64.962, 44.197
s2801a_183, 12.343, 57.807, 45.464
s2801a_184, -7.877, 63.607, 71.484
s2801a_185, 8.748, 59.525, 50.777
s2801a_186, 12.260, 57.652, 45.392
s2801a_187, 75.222, -105.510, -180.732
s2801a_188, 6.825, 60.248, 53.423
s2801a_189, 8.547, 84.039, 75.492
s2801a_19, 2.170, 60.782, 58.612
s2801a_190, 10.925, 62.890, 51.965
s2801a_191, 15.317, 67.874, 52.558
s2801a_192, 15.967, 49.179, 33.211
s2801a_193, 5.027, 67.223, 62.196
s2801a_194, 3.474, 59.196, 55.722
s2801a_195, 12.595, 58.912, 46.316
s2801a_196, 16.887, 69.062, 52.174
s2801a_197, 15.572, 59.688, 44.117
s2801a_198, 3.787, 64.385, 60.598
s2801a_199, 10.261, 61.186, 50.925
s2801a_2, 15.452, 58.127, 42.675
s2801a_20, 8.136, 54.708, 46.571
s2801a_200, 0.287, 72.766, 72.479
s2801a_201, 8.359, 65.080, 56.721
s2801a_202, 6.214, 58.308, 52.094
s2801a_203, 9.507, 70.649, 61.142
s2801a_204, 9.879, 63.895, 54.016
s2801a_205, 2.024, 43.560, 41.536
s2801a_206, 6.950, 71.879, 64.929
s2801a_207, 15.683, 61.804, 46.121
s2801a_208, 10.216, 67.871, 57.655
s2801a_209, 6.205, 61.852, 55.646
s2801a_21, 10.069, 53.176, 43.107
s2801a_210, 5.482, 55.712, 50.231
s2801a_211, 14.415, 67.169, 52.753
s2801a_212, 9.702, 53.841, 44.139
s2801a_213, 11.680, 72.755, 61.075
s2801a_214, 3.656, 61.666, 58.011
s2801a_215, 8.826, 65.151, 56.325
s2801a_216, 16.225, 58.311, 42.085
s2801a_217, 8.765, 55.356, 46.590
s2801a_218, 4.355, 59.131, 54.776
s2801a_219, 7.743, 62.266, 54.522
s2801a_22, 11.972, 53.853, 41.881
s2801a_220, 6.685, 61.565, 54.879
s2801a_221, 14.976, 76.605, 61.630
s2801a_222, 12.085, 58.513, 46.428
s2801a_223, 7.658, 70.939, 63.282
s2801a_224, 1.855, 47.690, 45.835
s2801a_225, 13.221, 58.161, 44.940
s2801a_226, 27.265, 87.569, 60.304
s2801a_227, 11.601, 57.013, 45.412
s2801a_228, -0.143, 81.182, 81.325
s2801a_229, 10.266, 74.190, 63.924
s2801a_23, 8.057, 72.211, 64.154
s2801a_230, 6.963, 63.164, 56.201
s2801a_231, 17.367, 62.573, 45.205
s2801a_232, 10.428, 57.934, 47.506
s2801a_233, 14.552, 73.016, 58.463
s2801a_234, 12.808, 57.295, 44.487
s2801a_235, 9.702, 45.504, 35.802
s2801a_236, 5.533, 54.297, 48.764
s2801a_237, 10.617, 53.500, 42.883
s2801a_238, 9.491, 60.610, 51.119
s2801a_239, -6.807, 66.456, 73.263
s2801a_24, 15.730, 62.241, 46.511
s2801a_240, 16.799, 55.585, 38.786
s2801a_241, -2.353, 45.035, 47.389
s2801a_242, 7.517, 67.446, 59.929
s2801a_243, 10.545, 64.834, 54.289
s2801a_244, 14.421, 72.623, 58.202
s2801a_245, 11.020, 57.282, 46.262
s2801a_246, 1.091, 60.926, 59.836
s2801a_247, 11.004, 59.439, 48.435
s2801a_248, 6.762, 48.787, 42.024
s2801a_249, 12.291, 55.910, 43.619
s2801a_25, 11.865, 72.327, 60.462
s2801a_250, 3.341, 56.626, 53.285
s2801a_251, 4.254, 58.529, 54.275
s2801a_252, 2.074, 69.418, 67.345
s2801a_253, 12.403, 55.765, 43.362
s2801a_254, 11.103, 59.516, 48.414
s2801a_255, 5.501, 67.320, 61.818
s2801a_256, 4.979, 64.326, 59.347
s2801a_257, 8.783, 58.205, 49.423
s2801a_258, 6.792, 57.349, 50.557
s2801a_259, 19.828, 65.855, 46.027
s2801a_26, 5.188, 58.452, 53.264
s2801a_260, 12.373, 55.067, 42.693
s2801a_261, 8.388, 66.735, 58.347
s2801a_262, 13.821, 57.530, 43.709
s2801a_263, 17.500, 59.831, 42.332
s2801a_264, 10.084, 55.777, 45.693
s2801a_265, 11.201, 55.297, 44.096
s2801a_266, 12.470, 52.898, 40.428
s2801a_267, 17.240, 57.315, 40.075
s2801a_268, 12.582, 57.736, 45.154
s2801a_269, 2.794, 73.829, 71.035
s2801a_27, -5.238, 60.411, 65.648
s2801a_270, 11.820, 52.828, 41.008
s2801a_271, 10.629, 58.275, 47.647
s2801a_272, 9.412, 66.594, 57.183
s2801a_273, 14.331, 62.452, 48.121
s2801a_274, 8.030, 60.120, 52.090
s2801a_275, 10.372, 60.657, 50.285
s2801a_276, 1.388, 56.883, 55.495
s2801a_277, 36.283, 82.030, 45.747
s2801a_278, 6.990, 62.025, 55.035
s2801a_279, 11.655, 56.322, 44.667
s2801a_28, 2.892, 60.990, 58.098
s2801a_280, 3.791, 57.217, 53.427
s2801a_281, 14.212, 53.211, 39.000
s2801a_282, 6.582, 57.544, 50.963
s2801a_283, 20.381, 77.517, 57.136
s2801a_284, 9.893, 58.856, 48.963
s2801a_285, 13.969, 69.841, 55.872
s2801a_286, 12.173, 62.764, 50.590
s2801a_287, 11.282, 68.331, 57.048
s2801a_288, 3.126, 91.122, 87.996
s2801a_289, 7.885, 62.398, 54.513
s2801a_29, 9.057, 56.428, 47.371
s2801a_290, 14.229, 58.609, 44.380
s2801a_291, 5.812, 55.464, 49.652
s2801a_292, 7.729, 68.031, 60.302
s2801a_293, 9.363, 58.193, 48.830
s2801a_294, 14.749, 59.047, 44.297
s2801a_295, 11.947, 61.533, 49.586
s2801a_296, 11.321, 62.887, 51.566
s2801a_297, 6.413, 60.946, 54.532
s2801a_298, 21.904, 64.803, 42.899
s2801a_299, 7.073, 59.682, 52.609
s2801a_3, 9.017, 55.685, 46.668
s2801a_30, 9.632, 54.675, 45.043
s2801a_300, 9.560, 62.995, 53.434
s2801a_301, 10.452, 59.690, 49.238
s2801a_302, 12.011, 59.640, 47.629
s2801a_303, 2.131, 57.749, 55.618
s2801a_304, 11.748, 59.924, 48.176
s2801a_31, 14.353, 60.593, 46.240
s2801a_32, 16.861, 44.042, 27.182
s2801a_33, 6.745, 59.453, 52.708
s2801a_34, 10.008, 52.443, 42.434
s2801a_35, 7.122, 58.735, 51.612
s2801a_36, 5.234, 66.937, 61.703
s2801a_37, 11.847, 56.611, 44.763
s2801a_38, 1.978, 61.236, 59.258
s2801a_39, 7.930, 57.227, 49.297
s2801a_4, 5.966, 66.257, 60.291
s2801a_40, 6.181, 59.226, 53.046
s2801a_41, 2.760, 69.373, 66.614
s2801a_42, 10.720, 56.288, 45.568
s2801a_43, 8.559, 57.480, 48.921
s2801a_44, 17.064, 52.116, 35.052
s2801a_45, 13.028, 55.700, 42.672
s2801a_46, 9.454, 55.531, 46.077
s2801a_47, 10.198, 63.100, 52.902
s2801a_48, 13.932, 54.426, 40.494
s2801a_49, 14.015, 58.430, 44.415
s2801a_5, 9.320, 58.033, 48.713
s2801a_50, 13.360, 60.127, 46.766
s2801a_51, 6.451, 63.752, 57.301
s2801a_52, 15.179, 60.587, 45.408
s2801a_53, 12.605, 59.917, 47.312
s2801a_54, 0.302, 79.034, 78.733
s2801a_55, 13.474, 61.988, 48.514
s2801a_56, 11.581, 59.499, 47.917
s2801a_57, 11.542, 54.690, 43.149
s2801a_58, 10.444, 58.765, 48.322
s2801a_59, 13.109, 62.119, 49.010
s2801a_6, 6.061, 59.741, 53.680
s2801a_60, 14.248, 61.148, 46.900
s2801a_61, 11.099, 65.643, 54.544
s2801a_62, 15.283, 58.799, 43.516
s2801a_63, 9.563, 65.916, 56.353
s2801a_64, -2.583, 66.696, 69.279
s2801a_65, 5.503, 55.088, 49.585
s2801a_66, 15.138, 62.068, 46.930
s2801a_67, 2.636, 68.291, 65.655
s2801a_68, 10.625, 61.299, 50.674
s2801a_69, 12.900, 63.653, 50.753
s2801a_7, 20.428, 78.420, 57.992
s2801a_70, 14.149, 59.912, 45.763
s2801a_71, 13.172, 60.170, 46.998
s2801a_72, 11.938, 56.432, 44.494
s2801a_73, 8.701, 58.272, 49.571
s2801a_74, 12.088, 64.559, 52.471
s2801a_75, 8.516, 62.097, 53.581
s2801a_76, 8.665, 59.951, 51.286
s2801a_77, 14.902, 67.124, 52.222
s2801a_78, 10.906, 57.555, 46.649
s2801a_79, 20.185, 69.036, 48.851
s2801a_8, 9.783, 62.278, 52.494
s2801a_80, 11.892, 58.428, 46.536
s2801a_81, 7.714, 60.773, 53.059
s2801a_82, 17.036, 64.691, 47.655
s2801a_83, 11.351, 58.656, 47.305
s2801a_84, -0.351, 75.253, 75.604
s2801a_85, 10.304, 58.740, 48.436
s2801a_86, 4.491, 66.756, 62.266
s2801a_87, 0.506, 65.798, 65.292
s2801a_88, 9.210, 137.774, 128.564
s2801a_89, 5.400, 66.618, 61.218
s2801a_9, 3.518, 58.946, 55.428
s2801a_90, 14.996, 61.398, 46.401
s2801a_91, 20.733, 70.924, 50.190
s2801a_92, 8.130, 56.963, 48.833
s2801a_93, 3.394, 63.767, 60.373
s2801a_94, 9.590, 56.662, 47.072
s2801a_95, 7.430, 68.893, 61.464
s2801a_96, 11.335, 59.160, 47.825
s2801a_97, 6.318, 67.874, 61.557
s2801a_98, -0.516, 54.938, 55.454
s2801a_99, 12.613, 56.222, 43.609
s2801b_0, 14.023, 56.743, 42.720
s2801b_1, 18.322, 75.517, 57.195
s2801b_10, 18.168, 54.090, 35.922
s2801b_100, 4.713, 64.227, 59.514
s2801b_101, -2.130, 75.144, 77.275
s2801b_102, 2.191, 61.483, 59.292
s2801b_103, 11.177, 62.367, 51.190
s2801b_104, 13.406, 70.392, 56.986
s2801b_105, 17.087, 58.775, 41.688
s2801b_106, 11.580, 66.858, 55.278
s2801b_107, 14.890, 64.878, 49.988
s2801b_108, 13.247, 51.711, 38.464
s2801b_109, 36.842, -11.333, -48.175
s2801b_11, 6.706, 68.727, 62.021
s2801b_110, 14.497, 61.517, 47.020
s2801b_111, 10.757, 55.460, 44.703
s2801b_112, 10.589, 54.573, 43.984
s2801b_113, 6.905, 56.520, 49.615
s2801b_114, 13.978, 55.207, 41.229
s2801b_115, 15.194, 58.350, 43.156
s2801b_116, 21.133, 68.795, 47.662
s2801b_117, 15.246, 77.986, 62.740
s2801b_118, -1.080, 58.549, 59.630
s2801b_119, 11.983, 58.529, 46.546
s2801b_12, 20.244, 65.999, 45.755
s2801b_120, 22.754, 19.632, -3.122
s2801b_121, 10.383, 62.000, 51.617
s2801b_122, 7.678, 60.340, 52.662
s2801b_123, 2.747, 71.903, 69.156
s2801b_124, 11.289, 57.105, 45.816
s2801b_125, 12.699, 71.936, 59.237
s2801b_126, 15.319, 68.024, 52.705
s2801b_127, 13.367, 60.912, 47.545
s2801b_128, 18.666, 64.103, 45.437
s2801b_129, 8.874, 68.652, 59.778
s2801b_13, 17.743, 59.215, 41.472
s2801b_130, -4.022, 71.626, 75.648
s2801b_131, 11.952, 57.554, 45.602
s2801b_132, 11.018, 60.458, 49.440
s2801b_133, -3.113, 65.687, 68.800
s2801b_134, 6.019, 63.878, 57.859
s2801b_135, 11.607, 53.764, 42.157
s2801b_136, 11.804, 74.543, 62.739
s2801b_137, 14.813, 65.457, 50.643
s2801b_138, 18.785, 69.652, 50.867
s2801b_139, 9.730, 58.774, 49.044
s2801b_14, 12.336, 57.278, 44.943
s2801b_140, 4.398, 54.884, 50.485
s2801b_141, 8.122, 63.313, 55.191
s2801b_142, 22.754, 19.632, -3.122
s2801b_143, 4.975, 56.382, 51.407
s2801b_144, 10.710, 63.631, 52.921
s2801b_145, 9.156, 61.874, 52.718
s2801b_146, 14.123, 65.112, 50.989
s2801b_147, 19.189, 67.891, 48.702
s2801b_148, 17.766, 52.957, 35.191
s2801b_149, 10.972, 58.448, 47.476
s2801b_15, 15.047, 60.404, 45.357
s2801b_150, 13.531, 58.443, 44.912
s2801b_151, 9.899, 56.595, 46.696
s2801b_152, 17.829, 64.416, 46.587
s2801b_153, 10.173, 56.945, 46.772
s2801b_154, -4.051, 67.413, 71.465
s2801b_155, 12.693, 60.498, 47.805
s2801b_156, 8.644, 59.714, 51.070
s2801b_157, 1.772, 71.337, 69.566
s2801b_158, 13.294, 64.752, 51.459
s2801b_159, 20.472, 68.770, 48.298
s2801b_16, 15.563, 62.176, 46.613
s2801b_160, 12.630, 59.669, 47.039
s2801b_161, 11.380, 59.215, 47.835
s2801b_162, 9.156, 68.334, 59.179
s2801b_163, 11.798, 58.524, 46.726
s2801b_164, 10.335, 60.684, 50.349
s2801b_165, 10.158, 65.096, 54.938
s2801b_166, 10.779, 59.515, 48.736
s2801b_167, 10.662, 52.267, 41.604
s2801b_168, 6.949, 60.080, 53.130
s2801b_169, 3.732, 69.116, 65.384
s2801b_17, 13.861, 63.346, 49.485
s2801b_170, 1.423, 52.193, 50.770
s2801b_171, -3.624, 65.832, 69.456
s2801b_172, 15.036, 62.992, 47.956
s2801b_173, 15.847, 61.464, 45.617
s2801b_174, 13.275, 54.987, 41.712
s2801b_175, 11.122, 70.330, 59.207
s2801b_176, 10.994, 60.402, 49.407
s2801b_177, 11.143, 68.264, 57.121
s2801b_178, 8.745, 60.473, 51.728
s2801b_179, 9.529, 57.276, 47.747
s2801b_18, 18.021, 56.619, 38.598
s2801b_180, 11.259, 60.161, 48.902
s2801b_181, 10.870, 59.645, 48.775
s2801b_182, 6.141, 65.694, 59.553
s2801b_183, 13.948, 60.684, 46.736
s2801b_184, 12.394, 61.094, 48.699
s2801b_185, 6.851, 57.331, 50.479
s2801b_186, 7.122, 52.641, 45.519
s2801b_187, 9.026, 61.826, 52.800
s2801b_188, 6.591, 60.152, 53.562
s2801b_189, -3.593, 58.859, 62.452
s2801b_19, 8.488, 71.903, 63.416
s2801b_190, 8.946, 57.227, 48.281
s2801b_191, 8.492, 57.561, 49.069
s2801b_192, 14.954, 57.859, 42.905
s2801b_193, 3.810, 73.424, 69.614
s2801b_194, 11.962, 66.643, 54.681
s2801b_195, 16.291, 57.290, 40.999
s2801b_196, -5.870, 57.404, 63.274
s2801b_197, 8.444, 61.425, 52.980
s2801b_198, 10.185, 58.247, 48.062
s2801b_199, 10.750, 54.890, 44.140
s2801b_2, 13.078, 60.677, 47.600
s2801b_20, 14.790, 55.047, 40.258
s2801b_200, 14.976, 57.486, 42.510
s2801b_201, 14.114, 53.777, 39.663
s2801b_202, 14.977, 55.649, 40.672
s2801b_203, 15.447, 58.744, 43.297
s2801b_204, 10.420, 59.089, 48.669
s2801b_205, -5.575, 65.958, 71.533
s2801b_206, 7.003, 70.204, 63.201
s2801b_207, 5.164, 67.798, 62.633
s2801b_208, 8.126, 57.146, 49.020
s2801b_209, 8.444, 56.789, 48.345
s2801b_21, 13.132, 61.375, 48.243
s2801b_210, -3.912, 64.487, 68.399
s2801b_211, 11.662, 55.352, 43.690
s2801b_212, 10.565, 66.663, 56.097
s2801b_213, 8.921, 58.069, 49.148
s2801b_214, 19.045, 57.554, 38.510
s2801b_215, 22.688, 74.134, 51.446
s2801b_216, 13.804, 65.306, 51.502
s2801b_217, 13.140, 63.534, 50.395
s2801b_218, 17.616, 60.417, 42.801
s2801b_219, 10.480, 63.188, 52.709
s2801b_22, 12.002, 57.662, 45.661
s2801b_220, 16.068, 57.405, 41.337
s2801b_221, 15.524, 56.373, 40.850
s2801b_222, 17.538, 60.777, 43.239
s2801b_223, 12.773, 65.019, 52.246
s2801b_224, 12.765, 68.927, 56.161
s2801b_225, 6.914, 60.126, 53.211
s2801b_226, 6.192, 72.275, 66.084
s2801b_227, 14.811, 59.720, 44.909
s2801b_228, 10.698, 67.992, 57.294
s2801b_229, 13.022, 61.322, 48.300
s2801b_23, 14.475, 131.994, 117.519
s2801b_230, 13.055, 65.755, 52.700
s2801b_231, 10.965, 61.301, 50.336
s2801b_232, 11.126, 62.124, 50.998
s2801b_233, 5.624, 76.565, 70.942
s2801b_234, 13.104, 56.852, 43.748
s2801b_235, 16.492, 67.760, 51.268
s2801b_236, 13.946, 60.426, 46.480
s2801b_237, -0.273, 61.457, 61.731
s2801b_238, 13.632, 56.165, 42.534
s2801b_239, 16.446, 54.913, 38.467
s2801b_24, 12.203, 58.542, 46.339
s2801b_240, 27.135, 86.977, 59.842
s2801b_241, 11.930, 60.692, 48.762
s2801b_242, 14.188, 59.095, 44.907
s2801b_243, 12.096, 68.406, 56.311
s2801b_244, 14.288, 56.740, 42.452
s2801b_245, -1.327, 60.030, 61.357
s2801b_246, 13.414, 59.122, 45.707
s2801b_247, 13.110, 59.869, 46.759
s2801b_248, 20.734, 65.059, 44.325
s2801b_249, 14.411, 60.561, 46.151
s2801b_25, 9.315, 60.338, 51.023
s2801b_250, 11.613, 60.010, 48.397
s2801b_26, 9.247, 51.562, 42.315
s2801b_27, 13.415, 53.091, 39.676
s2801b_28, 13.902, 59.217, 45.315
s2801b_29, -2.269, 65.381, 67.649
s2801b_3, 18.681, 61.312, 42.631
s2801b_30, 13.414, 62.258, 48.844
s2801b_31, 28.012, 72.356, 44.344
s2801b_32, 10.935, 59.686, 48.751
s2801b_33, 10.737, 63.787, 53.050
s2801b_34, 11.716, 51.094, 39.377
s2801b_35, 10.474, 69.510, 59.036
s2801b_36, 15.237, 55.329, 40.093
s2801b_37, 14.940, 66.516, 51.576
s2801b_38, 9.772, 66.436, 56.664
s2801b_39, 12.977, 57.035, 44.058
s2801b_4, 16.524, 60.375, 43.851
s2801b_40, 7.702, 54.935, 47.233
s2801b_41, 11.314, 60.817, 49.503
s2801b_42, 14.352, 64.299, 49.947
s2801b_43, 14.944, 58.124, 43.180
s2801b_44, 10.207, 58.656, 48.449
s2801b_45, 7.458, 43.482, 36.024
s2801b_46, 13.810, 74.226, 60.416
s2801b_47, 10.145, 56.335, 46.189
s2801b_48, 8.968, 61.913, 52.945
s2801b_49, 14.181, 58.741, 44.560
s2801b_5, 15.306, 66.735, 51.430
s2801b_50, 8.984, 72.936, 63.953
s2801b_51, 14.032, 61.064, 47.032
s2801b_52, 9.127, 64.030, 54.903
s2801b_53, 12.689, 62.985, 50.296
s2801b_54, 9.789, 69.431, 59.642
s2801b_55, 12.707, 58.349, 45.643
s2801b_56, 14.420, 59.702, 45.282
s2801b_57, 13.714, 60.706, 46.992
s2801b_58, 10.696, 59.329, 48.633
s2801b_59, 22.980, 64.177, 41.197
s2801b_6, 11.798, 61.475, 49.677
s2801b_60, 8.310, 57.081, 48.770
s2801b_61, 7.022, 54.316, 47.294
s2801b_62, 9.611, 60.909, 51.299
s2801b_63, 10.101, 67.976, 57.874
s2801b_64, 13.316, 57.011, 43.695
s2801b_65, 8.274, 60.103, 51.829
s2801b_66, 8.745, 58.064, 49.319
s2801b_67, 5.091, 62.460, 57.369
s2801b_68, 1.700, 63.475, 61.775
s2801b_69, 1.994, 59.030, 57.036
s2801b_7, 18.892, 66.911, 48.019
s2801b_70, 1.144, 66.744, 65.600
s2801b_71, 9.112, 64.550, 55.438
s2801b_72, 12.040, 68.346, 56.307
s2801b_73, 9.920, 61.344, 51.424
s2801b_74, 14.707, 55.504, 40.796
s2801b_75, 9.100, 73.194, 64.095
s2801b_76, 15.058, 78.936, 63.878
s2801b_77, 25.210, 79.006, 53.796
s2801b_78, 23.630, 84.986, 61.356
s2801b_79, 8.271, 50.278, 42.007
s2801b_8, 13.462, 62.581, 49.119
s2801b_80, 1.061, 65.326, 64.265
s2801b_81, 5.479, 54.565, 49.086
s2801b_82, 12.821, 74.215, 61.394
s2801b_83, 7.789, 59.322, 51.534
s2801b_84, -1.310, 66.891, 68.201
s2801b_85, 0.232, 57.809, 57.577
s2801b_86, 6.587, 71.634, 65.047
s2801b_87, 6.713, 55.551, 48.839
s2801b_88, 23.283, 73.529, 50.246
s2801b_89, 7.880, 55.902, 48.021
s2801b_9, 12.280, 62.003, 49.723
s2801b_90, 5.100, 67.650, 62.550
s2801b_91, 11.339, 54.143, 42.804
s2801b_92, 1.319, 57.550, 56.231
s2801b_93, 12.439, 58.979, 46.540
s2801b_94, 12.945, 70.389, 57.444
s2801b_95, 5.988, 64.724, 58.735
s2801b_96, 2.279, 72.276, 69.996
s2801b_97, 17.162, 58.769, 41.607
s2801b_98, 7.625, 49.036, 41.411
s2801b_99, 12.120, 60.774, 48.653
s2802a_0, 6.578, 55.619, 49.041
s2802a_1, 18.341, 57.586, 39.245
s2802a_10, 9.235, 55.545, 46.310
s2802a_100, 16.795, 60.698, 43.903
s2802a_101, 10.873, 57.674, 46.802
s2802a_102, 12.547, 66.386, 53.839
s2802a_103, 2.810, 64.580, 61.770
s2802a_104, 16.479, 68.071, 51.592
s2802a_105, 5.034, 55.766, 50.732
s2802a_106, 6.437, 73.481, 67.045
s2802a_107, 17.071, 69.126, 52.055
s2802a_108, 11.479, 58.209, 46.731
s2802a_109, 10.648, 58.519, 47.871
s2802a_11, 12.267, 59.422, 47.155
s2802a_110, 8.562, 57.861, 49.299
s2802a_111, 8.018, 66.109, 58.092
s2802a_112, 9.727, 57.637, 47.910
s2802a_113, 5.729, 68.400, 62.671
s2802a_114, 13.635, 64.407, 50.771
s2802a_115, 12.822, 57.924, 45.102
s2802a_116, 15.707, 56.627, 40.919
s2802a_117, 11.637, 58.016, 46.379
s2802a_118, 2.398, 58.750, 56.352
s2802a_119, 12.485, 66.125, 53.640
s2802a_12, 14.110, 54.702, 40.592
s2802a_120, 5.884, 72.541, 66.656
s2802a_121, 11.254, 54.430, 43.176
s2802a_122, 8.924, 54.568, 45.644
s2802a_123, 10.248, 66.340, 56.092
s2802a_124, -8.196, 61.403, 69.599
s2802a_125, 10.253, 57.483, 47.230
s2802a_126, 6.155, 62.980, 56.825
s2802a_127, 6.020, 58.257, 52.238
s2802a_128, 8.260, 57.438, 49.178
s2802a_129, 12.850, 46.280, 33.430
s2802a_13, -3.388, 64.159, 67.547
s2802a_130, 7.559, 59.742, 52.183
s2802a_131, 5.042, 58.029, 52.987
s2802a_132, 0.046, 66.314, 66.268
s2802a_133, 16.909, 60.489, 43.580
s2802a_134, 8.903, 58.750, 49.847
s2802a_135, 10.040, 56.874, 46.835
s2802a_136, 11.422, 77.596, 66.174
s2802a_137, 11.713, 56.207, 44.494
s2802a_138, 14.580, 53.462, 38.882
s2802a_139, 10.646, 61.071, 50.425
s2802a_14, -1.611, 64.471, 66.082
s2802a_140, 6.764, 68.713, 61.949
s2802a_141, 10.349, 68.706, 58.357
s2802a_142, 16.273, 59.874, 43.601
s2802a_143, 12.688, 59.401, 46.713
s2802a_144, 17.126, 70.913, 53.788
s2802a_145, 12.920, 57.482, 44.562
s2802a_146, 12.452, 58.665, 46.213
s2802a_147, 14.249, 58.849, 44.600
s2802a_148, 16.007, 65.954, 49.947
s2802a_149, 13.794, 57.897, 44.103
s2802a_15, 6.700, 57.903, 51.202
s2802a_150, 9.416, 67.648, 58.232
s2802a_151, -8.855, 61.981, 70.836
s2802a_152, 11.478, 55.563, 44.085
s2802a_153, 12.342, 58.840, 46.498
s2802a_154, 11.326, 74.055, 62.728
s2802a_155, 11.522, 58.618, 47.097
s2802a_156, 5.577, 58.485, 52.908
s2802a_157, 2.466, 62.556, 60.090
s2802a_158, 11.268, 57.565, 46.297
s2802a_159, 11.272, 56.995, 45.722
s2802a_16, 7.275, 65.487, 58.212
s2802a_160, 11.288, 69.179, 57.892
s2802a_161, 14.066, 58.739, 44.674
s2802a_162, 13.436, 58.833, 45.397
s2802a_163, 5.487, 66.655, 61.168
s2802a_164, 19.557, 73.623, 54.066
s2802a_165, 8.091, 50.600, 42.509
s2802a_166, 7.175, 58.664, 51.489
s2802a_167, 10.651, 56.412, 45.762
s2802a_168, 7.736, 48.296, 40.560
s2802a_169, 12.993, 57.511, 44.518
s2802a_17, 15.753, 62.421, 46.668
s2802a_170, 15.545, 54.836, 39.291
s2802a_171, 5.490, 65.575, 60.085
s2802a_172, 5.864, 59.953, 54.089
s2802a_173, 9.524, 59.084, 49.560
s2802a_174, -4.448, 68.904, 73.352
s2802a_175, 7.759, 78.795, 71.036
s2802a_176, 13.834, 56.624, 42.789
s2802a_177, 6.338, 61.990, 55.652
s2802a_178, 10.811, 53.918, 43.106
s2802a_179, 10.397, 67.169, 56.772
s2802a_18, 9.069, 56.136, 47.067
s2802a_180, 20.486, 69.788, 49.302
s2802a_181, 13.314, 57.144, 43.830
s2802a_182, 8.891, 65.430, 56.539
s2802a_183, 25.436, 87.311, 61.875
s2802a_184, 4.798, 56.188, 51.390
s2802a_185, 10.045, 71.703, 61.657
s2802a_186, 11.102, 61.278, 50.176
s2802a_187, 11.861, 54.890, 43.030
s2802a_188, -1.970, 62.031, 64.001
s2802a_189, 3.859, 70.222, 66.363
s2802a_19, 11.163, 58.431, 47.268
s2802a_190, 4.105, 51.971, 47.866
s2802a_191, 5.680, 59.994, 54.314
s2802a_192, 13.864, 59.343, 45.479
s2802a_193, 9.236, 56.830, 47.594
s2802a_194, 5.607, 69.568, 63.961
s2802a_195, 5.514, 56.881, 51.367
s2802a_196, 16.365, 57.450, 41.085
s2802a_197, 9.361, 60.760, 51.399
s2802a_198, 19.723, 54.603, 34.880
s2802a_199, 14.479, 57.522, 43.043
s2802a_2, 9.609, 61.598, 51.988
s2802a_20, 10.688, 54.936, 44.247
s2802a_200, 18.755, 53.855, 35.100
s2802a_201, 7.577, 77.085, 69.509
s2802a_202, 10.957, 61.241, 50.284
s2802a_203, 12.171, 67.094, 54.922
s2802a_204, 20.202, 78.466, 58.263
s2802a_205, 10.777, 54.494, 43.717
s2802a_206, 13.822, 56.491, 42.669
s2802a_207, 6.248, 58.016, 51.768
s2802a_208, 15.090, 61.753, 46.664
s2802a_209, 3.894, 56.015, 52.121
s2802a_21, -0.862, 56.065, 56.927
s2802a_210, 3.308, 40.547, 37.240
s2802a_211, 4.084, 42.792, 38.708
s2802a_212, 1.112, 60.045, 58.933
s2802a_213, 0.297, 54.652, 54.354
s2802a_214, 3.029, 69.300, 66.271
s2802a_215, 7.688, 60.293, 52.605
s2802a_216, 7.861, 58.148, 50.287
s2802a_217, 17.665, 65.581, 47.916
s2802a_218, 9.889, 56.838, 46.949
s2802a_219, 11.413, 62.856, 51.443
s2802a_22, 5.107, 61.860, 56.754
s2802a_220, 10.395, 55.156, 44.761
s2802a_221, 15.947, 59.786, 43.838
s2802a_222, 11.444, 60.262, 48.818
s2802a_223, 10.871, 59.410, 48.539
s2802a_224, 17.428, 64.462, 47.033
s2802a_225, 17.583, 57.497, 39.914
s2802a_226, 8.763, 55.548, 46.784
s2802a_227, 14.741, 66.693, 51.952
s2802a_228, 6.405, 66.411, 60.006
s2802a_229, 10.989, 55.787, 44.797
s2802a_23, 9.518, 45.793, 36.275
s2802a_230, 3.123, 60.350, 57.227
s2802a_231, 4.754, 63.492, 58.738
s2802a_232, 15.433, 58.666, 43.232
s2802a_233, 7.686, 49.775, 42.089
s2802a_234, 15.683, 60.065, 44.382
s2802a_235, 13.044, 57.900, 44.856
s2802a_236, 9.928, 56.396, 46.468
s2802a_237, 0.525, 60.609, 60.084
s2802a_238, 30.214, 85.275, 55.061
s2802a_239, 14.144, 55.323, 41.179
s2802a_24, 3.143, 52.269, 49.126
s2802a_240, 10.646, 60.510, 49.864
s2802a_241, 12.138, 58.178, 46.040
s2802a_242, 8.840, 57.518, 48.677
s2802a_243, 8.817, 57.606, 48.790
s2802a_244, 14.735, 57.719, 42.984
s2802a_245, 3.185, 65.171, 61.986
s2802a_246, 9.364, 59.604, 50.239
s2802a_247, 8.729, 63.961, 55.232
s2802a_248, 14.472, 59.167, 44.695
s2802a_249, 10.397, 59.494, 49.098
s2802a_25, 6.300, 55.897, 49.597
s2802a_250, 15.558, 62.834, 47.276
s2802a_251, 19.514, 77.052, 57.538
s2802a_252, 12.187, 56.858, 44.671
s2802a_253, 6.536, 58.456, 51.920
s2802a_254, 14.838, 57.288, 42.450
s2802a_255, 24.884, 76.172, 51.288
s2802a_256, 10.791, 56.157, 45.366
s2802a_257, 7.885, 59.827, 51.942
s2802a_258, 17.568, 72.449, 54.881
s2802a_259, 19.147, 70.444, 51.297
s2802a_26, 13.827, 57.455, 43.628
s2802a_260, 10.748, 51.467, 40.719
s2802a_261, 7.245, 56.832, 49.587
s2802a_262, 12.884, 59.823, 46.939
s2802a_263, 14.701, 60.958, 46.257
s2802a_264, 6.656, 64.857, 58.201
s2802a_265, 11.529, 59.642, 48.113
s2802a_266, 1.460, 64.565, 63.105
s2802a_267, 7.724, 56.877, 49.153
s2802a_268, 3.546, 55.732, 52.185
s2802a_269, -8.253, 50.652, 58.906
s2802a_27, 8.827, 60.487, 51.661
s2802a_270, 5.901, 71.771, 65.870
s2802a_271, 2.045, 59.989, 57.944
s2802a_272, 12.497, 62.744, 50.247
s2802a_273, 11.403, 60.745, 49.342
s2802a_274, -4.968, 59.123, 64.091
s2802a_275, 13.070, 58.983, 45.913
s2802a_276, 1.111, 57.908, 56.796
s2802a_277, 11.221, 59.165, 47.944
s2802a_278, 14.214, 58.989, 44.775
s2802a_279, 1.976, 46.068, 44.093
s2802a_28, 12.206, 56.989, 44.783
s2802a_280, 17.391, 65.911, 48.520
s2802a_281, 11.286, 44.489, 33.203
s2802a_282, 14.281, 61.709, 47.428
s2802a_283, 1.976, 57.670, 55.694
s2802a_284, 8.010, 59.590, 51.580
s2802a_285, 13.307, 65.792, 52.485
s2802a_286, 0.440, 52.789, 52.350
s2802a_287, 9.207, 58.071, 48.864
s2802a_288, 15.676, 61.268, 45.593
s2802a_289, 10.444, 62.125, 51.681
s2802a_29, 14.791, 63.438, 48.647
s2802a_290, 8.988, 53.194, 44.206
s2802a_291, 8.340, 85.062, 76.722
s2802a_292, 13.900, 63.997, 50.097
s2802a_293, 8.766, 56.724, 47.958
s2802a_294, 10.151, 58.423, 48.272
s2802a_295, 7.486, 51.014, 43.527
s2802a_296, 12.450, 59.022, 46.573
s2802a_3, 11.065, 55.079, 44.014
s2802a_30, 4.246, 53.096, 48.850
s2802a_31, 13.360, 58.266, 44.905
s2802a_32, 11.395, 61.103, 49.708
s2802a_33, 26.654, 84.538, 57.883
s2802a_34, 8.828, 58.053, 49.225
s2802a_35, 7.163, 52.213, 45.050
s2802a_36, 11.700, 60.199, 48.499
s2802a_37, 10.605, 60.250, 49.645
s2802a_38, 11.359, 79.410, 68.051
s2802a_39, -0.964, 57.298, 58.262
s2802a_4, 6.830, 63.703, 56.873
s2802a_40, 5.411, 64.298, 58.887
s2802a_41, 9.922, 57.318, 47.396
s2802a_42, 7.270, 58.506, 51.237
s2802a_43, 0.702, 53.226, 52.524
s2802a_44, 3.863, 63.716, 59.853
s2802a_45, 7.059, 57.373, 50.314
s2802a_46, 9.196, 58.559, 49.362
s2802a_47, 12.521, 71.688, 59.167
s2802a_48, 13.010, 52.404, 39.394
s2802a_49, 2.624, 57.827, 55.203
s2802a_5, 65.033, 26.481, -38.551
s2802a_50, 6.221, 63.477, 57.256
s2802a_51, 11.606, 57.273, 45.667
s2802a_52, 16.815, 65.089, 48.273
s2802a_53, 8.664, 57.652, 48.989
s2802a_54, -4.280, 63.123, 67.403
s2802a_55, 6.778, 73.179, 66.401
s2802a_56, 4.985, 65.579, 60.594
s2802a_57, 8.715, 61.683, 52.967
s2802a_58, 17.913, 61.703, 43.790
s2802a_59, 15.542, 63.250, 47.708
s2802a_6, 11.431, 119.914, 108.482
s2802a_60, 15.623, 57.160, 41.537
s2802a_61, 18.694, 70.971, 52.278
s2802a_62, 11.094, 59.466, 48.372
s2802a_63, 14.394, 61.754, 47.360
s2802a_64, 12.669, 62.981, 50.312
s2802a_65, 18.720, 73.132, 54.411
s2802a_66, 16.235, 60.112, 43.877
s2802a_67, 8.135, 59.549, 51.415
s2802a_68, 7.033, 72.269, 65.236
s2802a_69, -0.147, 72.249, 72.396
s2802a_7, 2.770, 74.488, 71.718
s2802a_70, 14.161, 62.445, 48.284
s2802a_71, 17.074, 59.228, 42.153
s2802a_72, -0.642, 62.238, 62.880
s2802a_73, 16.127, 63.600, 47.472
s2802a_74, 15.376, 56.096, 40.720
s2802a_75, 3.145, 37.779, 34.634
s2802a_76, 5.526, 51.713, 46.187
s2802a_77, 14.388, 65.549, 51.162
s2802a_78, 0.191, 61.818, 61.627
s2802a_79, 15.112, 56.865, 41.753
s2802a_8, 7.071, 58.451, 51.380
s2802a_80, 10.633, 67.604, 56.971
s2802a_81, 10.115, 62.633, 52.518
s2802a_82, 10.740, 67.578, 56.837
s2802a_83, 11.342, 60.255, 48.913
s2802a_84, 0.940, 65.809, 64.869
s2802a_85, 1.611, 65.285, 63.674
s2802a_86, 6.050, 68.482, 62.431
s2802a_87, 12.494, 58.820, 46.326
s2802a_88, 16.877, 59.844, 42.968
s2802a_89, 2.507, 62.736, 60.230
s2802a_9, 45.881, -29.916, -75.797
s2802a_90, 4.121, 56.541, 52.420
s2802a_91, 16.804, 59.472, 42.667
s2802a_92, 18.402, 69.070, 50.668
s2802a_93, 13.005, 61.104, 48.099
s2802a_94, 14.586, 57.968, 43.382
s2802a_95, 7.856, 71.206, 63.349
s2802a_96, 12.795, 60.873, 48.078
s2802a_97, 12.952, 59.836, 46.884
s2802a_98, 11.939, 60.023, 48.084
s2802a_99, 6.015, 63.916, 57.901
s2802b_0, 14.151, 59.543, 45.392
s2802b_1, 16.542, 66.143, 49.601
s2802b_10, 7.153, 59.870, 52.717
s2802b_100, 13.614, 59.815, 46.201
s2802b_101, 11.383, 75.135, 63.752
s2802b_102, 8.708, 70.073, 61.365
s2802b_103, 12.259, 64.492, 52.233
s2802b_104, 8.138, 63.323, 55.186
s2802b_105, 0.701, 54.908, 54.207
s2802b_106, 15.254, 64.814, 49.559
s2802b_107, 20.003, 68.128, 48.125
s2802b_108, 0.073, 66.735, 66.662
s2802b_109, 13.085, 55.904, 42.819
s2802b_11, 8.518, 58.205, 49.687
s2802b_110, 2.360, 73.809, 71.450
s2802b_111, 12.304, 62.106, 49.801
s2802b_112, 9.366, 67.111, 57.744
s2802b_113, 15.622, 59.078, 43.457
s2802b_114, 11.783, 56.803, 45.019
s2802b_115, 11.165, 56.181, 45.017
s2802b_116, 8.282, 72.888, 64.606
s2802b_117, 13.058, 51.941, 38.882
s2802b_118, 11.743, 61.930, 50.187
s2802b_119, 11.694, 60.079, 48.385
s2802b_12, 4.362, 54.638, 50.276
s2802b_120, 9.439, 74.904, 65.465
s2802b_121, 4.965, 66.253, 61.288
s2802b_122, 4.686, 63.262, 58.575
s2802b_123, 19.340, 75.976, 56.636
s2802b_124, -0.688, 61.223, 61.912
s2802b_125, 5.393, 59.380, 53.987
s2802b_126, 6.678, 51.110, 44.432
s2802b_127, 8.655, 53.529, 44.873
s2802b_128, 10.729, 58.389, 47.659
s2802b_129, 11.573, 71.387, 59.814
s2802b_13, 7.753, 62.263, 54.510
s2802b_130, 11.004, 53.278, 42.274
s2802b_131, 14.289, 63.418, 49.128
s2802b_132, 15.601, 57.571, 41.970
s2802b_133, 13.084, 58.699, 45.615
s2802b_134, 13.345, 61.381, 48.036
s2802b_135, 8.326, 61.952, 53.626
s2802b_136, 12.423, 61.345, 48.921
s2802b_137, 16.945, 60.903, 43.958
s2802b_138, 10.095, 55.559, 45.464
s2802b_139, 4.634, 58.817, 54.184
s2802b_14, 6.247, 52.957, 46.711
s2802b_140, 1.793, 67.145, 65.352
s2802b_141, 13.972, 65.406, 51.434
s2802b_142, 8.768, 63.884, 55.116
s2802b_143, 18.674, 58.243, 39.569
s2802b_144, 14.860, 64.767, 49.907
s2802b_145, -2.613, 62.651, 65.264
s2802b_146, 15.124, 60.636, 45.512
s2802b_147, 8.399, 56.252, 47.853
s2802b_148, 14.306, 66.022, 51.716
s2802b_149, 16.869, 65.186, 48.317
s2802b_15, 11.970, 57.535, 45.565
s2802b_150, 18.049, 58.136, 40.087
s2802b_151, 11.847, 59.221, 47.373
s2802b_152, 12.436, 57.492, 45.057
s2802b_153, 16.492, 65.514, 49.022
s2802b_154, 6.679, 64.225, 57.546
s2802b_155, 4.285, 58.105, 53.820
s2802b_156, 13.971, 61.260, 47.290
s2802b_157, 15.254, 59.873, 44.619
s2802b_158, 12.980, 60.544, 47.564
s2802b_159, 13.663, 61.872, 48.209
s2802b_16, 16.437, 64.629, 48.192
s2802b_160, 6.886, 59.432, 52.546
s2802b_161, 8.541, 62.943, 54.402
s2802b_162, 16.545, 66.223, 49.678
s2802b_163, 7.641, 62.306, 54.666
s2802b_164, 8.297, 51.568, 43.271
s2802b_165, 3.494, 61.120, 57.626
s2802b_166, 6.565, 60.355, 53.790
s2802b_167, 13.583, 54.700, 41.117
s2802b_168, 11.999, 63.013, 51.014
s2802b_169, 15.395, 58.096, 42.701
s2802b_17, 9.908, 72.850, 62.942
s2802b_170, 2.299, 58.929, 56.630
s2802b_171, 1.115, 56.050, 54.935
s2802b_172, 13.273, 59.341, 46.068
s2802b_173, 11.446, 63.343, 51.897
s2802b_174, 9.863, 57.468, 47.604
s2802b_175, 9.771, 60.469, 50.698
s2802b_176, 11.792, 56.778, 44.985
s2802b_177, 18.507, 60.985, 42.478
s2802b_178, 11.796, 58.510, 46.714
s2802b_179, 10.096, 66.466, 56.370
s2802b_18, 17.350, 59.669, 42.320
s2802b_180, 3.050, 67.873, 64.823
s2802b_181, 11.223, 59.453, 48.230
s2802b_182, 7.418, 58.528, 51.110
s2802b_183, 13.225, 60.435, 47.211
s2802b_184, 11.614, 61.727, 50.112
s2802b_185, 16.563, 64.929, 48.366
s2802b_186, 11.540, 58.641, 47.101
s2802b_187, 13.409, 58.590, 45.182
s2802b_188, 5.962, 69.308, 63.346
s2802b_189, 17.290, 57.144, 39.855
s2802b_19, 10.602, 57.405, 46.803
s2802b_190, 11.561, 59.968, 48.406
s2802b_191, 17.612, 68.946, 51.334
s2802b_192, 9.816, 60.902, 51.085
s2802b_193, 16.762, 56.689, 39.927
s2802b_194, 15.741, 54.309, 38.568
s2802b_195, 14.987, 58.506, 43.519
s2802b_196, 7.244, 58.406, 51.162
s2802b_197, 6.963, 57.023, 50.060
s2802b_198, 9.121, 58.603, 49.482
s2802b_199, 14.798, 56.663, 41.864
s2802b_2, 17.129, 68.366, 51.237
s2802b_20, 14.437, 58.821, 44.384
s2802b_200, 11.543, 58.819, 47.276
s2802b_201, 5.194, 59.574, 54.380
s2802b_202, 16.312, 62.789, 46.477
s2802b_203, 10.770, 65.598, 54.828
s2802b_204, 9.575, 57.379, 47.804
s2802b_205, 16.764, 71.145, 54.381
s2802b_206, 17.898, 60.046, 42.148
s2802b_207, -0.301, 71.533, 71.834
s2802b_208, 18.110, 64.077, 45.967
s2802b_209, -3.126, 62.488, 65.615
s2802b_21, 5.899, 68.025, 62.127
s2802b_210, 10.242, 61.591, 51.349
s2802b_211, 7.959, 72.027, 64.068
s2802b_212, 4.254, 65.487, 61.234
s2802b_213, 8.433, 53.353, 44.920
s2802b_214, 16.400, 61.523, 45.123
s2802b_215, 15.479, 60.635, 45.156
s2802b_216, 9.188, 71.860, 62.672
s2802b_217, 10.641, 61.945, 51.304
s2802b_218, 10.563, 61.243, 50.680
s2802b_219, 14.660, 72.895, 58.235
s2802b_22, 21.548, 63.916, 42.368
s2802b_220, 14.300, 60.711, 46.412
s2802b_221, 15.627, 67.412, 51.785
s2802b_222, 12.458, 61.693, 49.234
s2802b_223, 17.540, 61.246, 43.706
s2802b_224, 9.791, 129.377, 119.586
s2802b_225, 9.718, 64.941, 55.223
s2802b_226, 9.618, 58.309, 48.691
s2802b_227, 11.151, 59.793, 48.642
s2802b_228, 12.361, 66.952, 54.591
s2802b_229, 9.515, 57.175, 47.660
s2802b_23, 16.171, 58.889, 42.719
s2802b_230, 13.801, 59.355, 45.554
s2802b_231, 11.028, 57.912, 46.884
s2802b_232, 12.663, 63.295, 50.632
s2802b_233, 10.756, 71.542, 60.786
s2802b_234, 15.244, 59.581, 44.337
s2802b_235, 11.710, 57.835, 46.125
s2802b_236, 4.867, 64.739, 59.871
s2802b_237, 11.077, 57.820, 46.743
s2802b_238, 12.500, 70.282, 57.782
s2802b_239, 9.236, 65.992, 56.755
s2802b_24, 15.758, 65.375, 49.618
s2802b_240, 6.965, 70.080, 63.115
s2802b_241, 15.071, 58.972, 43.901
s2802b_242, 14.762, 60.698, 45.936
s2802b_243, 11.057, 59.225, 48.169
s2802b_244, 13.311, 55.203, 41.892
s2802b_245, 8.352, 61.979, 53.627
s2802b_246, 13.126, 60.768, 47.642
s2802b_247, 11.491, 61.750, 50.259
s2802b_248, 14.186, 65.112, 50.926
s2802b_249, 3.939, 61.389, 57.449
s2802b_25, 13.202, 60.247, 47.045
s2802b_250, 16.017, 59.412, 43.394
s2802b_251, 12.851, 78.121, 65.270
s2802b_252, 12.313, 60.534, 48.220
s2802b_253, 4.243, 64.878, 60.635
s2802b_254, 12.224, 60.611, 48.387
s2802b_255, 14.094, 59.961, 45.867
s2802b_256, 10.643, 63.859, 53.215
s2802b_257, 8.008, 68.522, 60.514
s2802b_258, 12.166, 61.506, 49.340
s2802b_259, 15.973, 59.562, 43.589
s2802b_26, 9.463, 58.475, 49.012
s2802b_260, 8.999, 68.583, 59.584
s2802b_261, 11.763, 59.804, 48.040
s2802b_262, 12.272, 57.905, 45.633
s2802b_263, 12.836, 59.363, 46.527
s2802b_264, 10.295, 66.005, 55.710
s2802b_265, 8.586, 64.061, 55.475
s2802b_266, -0.827, 65.284, 66.111
s2802b_267, 13.866, 59.547, 45.682
s2802b_268, 14.777, 67.706, 52.929
s2802b_269, 12.464, 59.923, 47.459
s2802b_27, 13.539, 59.219, 45.679
s2802b_270, 1.914, 60.229, 58.314
s2802b_271, 17.462, 61.426, 43.964
s2802b_272, 7.977, 63.346, 55.368
s2802b_273, 14.700, 62.440, 47.739
s2802b_274, 5.335, 65.993, 60.658
s2802b_275, 8.373, 72.237, 63.865
s2802b_276, 9.250, 64.467, 55.217
s2802b_277, 15.754, 70.990, 55.236
s2802b_278, 9.909, 76.997, 67.088
s2802b_279, 9.392, 56.182, 46.791
s2802b_28, 15.665, 72.112, 56.446
s2802b_280, 9.769, 65.932, 56.163
s2802b_29, 13.597, 59.302, 45.705
s2802b_3, 6.567, 66.797, 60.230
s2802b_30, 3.159, 77.794, 74.635
s2802b_31, 1.408, 51.780, 50.373
s2802b_32, 3.264, 62.543, 59.279
s2802b_33, 12.376, 68.815, 56.439
s2802b_34, 10.213, 59.562, 49.350
s2802b_35, 0.842, 61.657, 60.814
s2802b_36, -1.347, 66.919, 68.266
s2802b_37, 11.390, 59.513, 48.123
s2802b_38, 10.295, 70.062, 59.767
s2802b_39, 7.525, 59.716, 52.191
s2802b_4, 16.235, 66.016, 49.782
s2802b_40, 3.841, 65.777, 61.935
s2802b_41, 11.799, 59.450, 47.650
s2802b_42, 4.994, 59.833, 54.838
s2802b_43, -6.535, 57.585, 64.121
s2802b_44, 6.454, 62.315, 55.861
s2802b_45, 2.609, 53.952, 51.343
s2802b_46, 10.464, 57.308, 46.845
s2802b_47, 12.610, 59.083, 46.473
s2802b_48, 9.441, 62.557, 53.116
s2802b_49, 11.314, 63.336, 52.022
s2802b_5, 19.026, 63.030, 44.004
s2802b_50, 15.932, 60.662, 44.730
s2802b_51, 9.514, 56.014, 46.500
s2802b_52, 9.890, 61.777, 51.887
s2802b_53, 15.368, 60.573, 45.206
s2802b_54, 6.597, 72.764, 66.166
s2802b_55, 11.634, 62.283, 50.649
s2802b_56, 12.600, 60.651, 48.052
s2802b_57, 8.030, 56.682, 48.653
s2802b_58, 17.784, 72.570, 54.786
s2802b_59, 7.185, 59.252, 52.067
s2802b_6, 14.237, 58.815, 44.578
s2802b_60, 13.760, 59.775, 46.015
s2802b_61, 15.496, 60.419, 44.923
s2802b_62, 9.460, 71.885, 62.425
s2802b_63, 16.557, 59.863, 43.306
s2802b_64, 13.502, 62.186, 48.685
s2802b_65, 10.345, 61.117, 50.772
s2802b_66, 9.077, 73.306, 64.229
s2802b_67, 13.066, 61.582, 48.517
s2802b_68, 13.937, 65.035, 51.098
s2802b_69, 10.217, 60.549, 50.332
s2802b_7, 14.515, 65.812, 51.297
s2802b_70, 11.543, 62.293, 50.750
s2802b_71, 10.277, 72.165, 61.887
s2802b_72, 11.465, 66.212, 54.746
s2802b_73, 13.199, 66.131, 52.932
s2802b_74, 11.304, 62.201, 50.897
s2802b_75, 11.067, 61.445, 50.378
s2802b_76, 6.920, 70.516, 63.596
s2802b_77, 10.165, 57.518, 47.354
s2802b_78, 11.301, 61.273, 49.972
s2802b_79, 12.762, 58.682, 45.921
s2802b_8, 18.217, 64.942, 46.725
s2802b_80, 6.100, 60.870, 54.770
s2802b_81, 16.438, 53.039, 36.602
s2802b_82, 18.874, 72.099, 53.225
s2802b_83, 14.623, 54.131, 39.508
s2802b_84, 13.107, 60.741, 47.634
s2802b_85, 9.002, 73.716, 64.714
s2802b_86, 9.855, 57.671, 47.816
s2802b_87, 14.357, 59.384, 45.027
s2802b_88, 12.960, 64.234, 51.274
s2802b_89, -9.672, 61.010, 70.682
s2802b_9, 12.526, 63.628, 51.102
s2802b_90, 7.122, 59.144, 52.022
s2802b_91, 14.929, 66.864, 51.935
s2802b_92, 15.852, 60.704, 44.851
s2802b_93, 8.617, 55.700, 47.083
s2802b_94, 0.052, 62.307, 62.255
s2802b_95, -3.155, 68.588, 71.743
s2802b_96, 15.022, 60.528, 45.506
s2802b_97, 9.987, 60.218, 50.231
s2802b_98, 12.356, 61.194, 48.839
s2802b_99, 9.270, 62.445, 53.175
s2803a_0, 4.743, 60.834, 56.091
s2803a_1, 4.622, 61.046, 56.424
s2803a_10, 12.846, 60.810, 47.964
s2803a_100, 5.637, 62.396, 56.759
s2803a_101, 10.234, 60.927, 50.692
s2803a_102, 10.583, 62.163, 51.580
s2803a_103, 5.271, 63.150, 57.880
s2803a_104, 6.078, 65.265, 59.187
s2803a_105, 15.897, 61.143, 45.246
s2803a_106, 17.765, 62.530, 44.765
s2803a_107, 19.607, 87.084, 67.477
s2803a_108, 16.649, 75.205, 58.556
s2803a_109, 11.600, 61.602, 50.002
s2803a_11, 14.478, 62.444, 47.966
s2803a_110, 6.647, 72.656, 66.009
s2803a_111, 13.184, 63.725, 50.541
s2803a_112, 15.713, 59.965, 44.253
s2803a_113, 17.350, 63.859, 46.509
s2803a_114, 13.341, 61.220, 47.879
s2803a_115, 16.067, 60.632, 44.566
s2803a_116, 17.528, 59.580, 42.053
s2803a_117, 8.264, 59.389, 51.125
s2803a_118, 11.033, 74.172, 63.139
s2803a_119, 6.196, 62.619, 56.422
s2803a_12, 11.338, 60.219, 48.882
s2803a_120, 14.091, 59.259, 45.168
s2803a_121, 16.107, 59.535, 43.427
s2803a_122, 13.412, 55.817, 42.405
s2803a_123, 17.271, 57.887, 40.616
s2803a_124, 9.225, 56.493, 47.268
s2803a_125, 0.496, 64.246, 63.751
s2803a_126, 18.191, 78.691, 60.500
s2803a_127, 11.783, 64.368, 52.585
s2803a_128, 14.986, 60.043, 45.058
s2803a_13, 2.688, 72.341, 69.654
s2803a_14, 12.454, 59.485, 47.031
s2803a_15, 7.841, 65.617, 57.776
s2803a_16, 6.131, 62.121, 55.990
s2803a_17, 17.923, 74.774, 56.851
s2803a_18, 14.814, 60.331, 45.517
s2803a_19, 7.053, 61.465, 54.411
s2803a_2, 16.861, 69.288, 52.426
s2803a_20, -0.088, 65.279, 65.367
s2803a_21, 21.459, 65.769, 44.310
s2803a_22, 11.016, 62.154, 51.138
s2803a_23, 13.170, 56.900, 43.731
s2803a_24, 3.473, 74.277, 70.804
s2803a_25, 10.631, 59.475, 48.844
s2803a_26, 9.008, 61.431, 52.423
s2803a_27, 11.756, 60.148, 48.392
s2803a_28, 5.637, 57.853, 52.217
s2803a_29, 12.155, 59.207, 47.051
s2803a_3, 14.619, 62.388, 47.769
s2803a_30, 4.958, 51.634, 46.676
s2803a_31, 12.126, 50.788, 38.661
s2803a_32, 18.589, 61.673, 43.085
s2803a_33, 10.785, 67.535, 56.750
s2803a_34, 8.985, 62.691, 53.706
s2803a_35, 12.160, 63.779, 51.619
s2803a_36, 5.823, 69.058, 63.236
s2803a_37, 15.822, 56.671, 40.849
s2803a_38, 12.938, 59.429, 46.491
s2803a_39, 15.421, 62.352, 46.931
s2803a_4, 13.917, 60.642, 46.725
s2803a_40, 13.245, 63.468, 50.223
s2803a_41, 11.617, 60.836, 49.219
s2803a_42, 12.334, 60.245, 47.910
s2803a_43, 9.501, 63.561, 54.061
s2803a_44, 11.185, 61.103, 49.919
s2803a_45, 15.708, 72.683, 56.976
s2803a_46, 16.941, 61.049, 44.108
s2803a_47, 13.799, 58.044, 44.245
s2803a_48, 9.279, 49.750, 40.471
s2803a_49, -0.924, 71.631, 72.555
s2803a_5, 7.071, 68.469, 61.397
s2803a_50, 15.116, 60.937, 45.822
s2803a_51, 14.160, 64.564, 50.404
s2803a_52, 5.475, 68.162, 62.687
s2803a_53, 14.797, 63.526, 48.729
s2803a_54, 12.859, 64.587, 51.728
s2803a_55, 23.146, 60.566, 37.420
s2803a_56, 10.031, 61.537, 51.506
s2803a_57, 10.153, 62.567, 52.414
s2803a_58, 13.081, 60.515, 47.434
s2803a_59, 10.527, 57.861, 47.334
s2803a_6, 13.250, 61.126, 47.877
s2803a_60, 8.743, 66.050, 57.307
s2803a_61, 10.087, 74.617, 64.530
s2803a_62, 11.942, 58.737, 46.795
s2803a_63, 14.752, 59.802, 45.050
s2803a_64, 12.530, 59.546, 47.016
s2803a_65, 11.763, 67.146, 55.383
s2803a_66, 12.321, 56.708, 44.386
s2803a_67, 9.261, 61.267, 52.006
s2803a_68, -2.401, 71.676, 74.077
s2803a_69, 15.075, 66.586, 51.512
s2803a_7, 14.312, 73.260, 58.948
s2803a_70, 7.145, 62.458, 55.312
s2803a_71, 3.796, 66.438, 62.642
s2803a_72, 9.948, 61.559, 51.611
s2803a_73, -4.483, 62.458, 66.941
s2803a_74, 13.687, 60.451, 46.765
s2803a_75, 15.979, 61.031, 45.052
s2803a_76, 14.151, 58.048, 43.897
s2803a_77, 7.823, 63.236, 55.413
s2803a_78, 19.331, 61.455, 42.124
s2803a_79, 13.763, 60.835, 47.072
s2803a_8, 5.555, 65.262, 59.707
s2803a_80, 11.956, 60.316, 48.360
s2803a_81, 11.147, 65.360, 54.214
s2803a_82, 12.281, 64.799, 52.518
s2803a_83, 12.493, 61.911, 49.418
s2803a_84, 10.470, 74.535, 64.065
s2803a_85, 11.256, 57.656, 46.400
s2803a_86, -4.179, 53.425, 57.604
s2803a_87, 4.315, 42.858, 38.543
s2803a_88, -4.534, 57.698, 62.232
s2803a_89, 16.329, 64.201, 47.872
s2803a_9, 13.704, 63.043, 49.339
s2803a_90, 20.456, 68.477, 48.021
s2803a_91, 6.612, 63.886, 57.274
s2803a_92, 11.490, 58.288, 46.798
s2803a_93, 14.865, 70.741, 55.876
s2803a_94, 9.093, 70.358, 61.265
s2803a_95, 8.947, 60.965, 52.019
s2803a_96, -1.914, 72.142, 74.056
s2803a_97, 5.288, 60.959, 55.671
s2803a_98, 15.732, 65.538, 49.806
s2803a_99, 13.702, 61.173, 47.472
s3701a_0, 4.917, 63.785, 58.868
s3701a_1, 8.844, 52.738, 43.894
s3701a_10, 6.886, 50.099, 43.213
s3701a_100, 9.622, 56.855, 47.233
s3701a_101, 13.655, 53.980, 40.325
s3701a_102, 13.547, 53.805, 40.259
s3701a_103, 10.950, 56.264, 45.315
s3701a_104, 0.522, 63.111, 62.589
s3701a_105, 17.050, 56.568, 39.518
s3701a_106, 12.681, 60.782, 48.101
s3701a_107, -2.649, 57.590, 60.239
s3701a_108, 11.804, 62.314, 50.510
s3701a_109, 5.788, 58.856, 53.068
s3701a_11, 11.247, 56.005, 44.757
s3701a_110, 7.840, 52.308, 44.468
s3701a_111, 13.892, 56.039, 42.146
s3701a_112, 13.504, 58.404, 44.901
s3701a_113, 7.793, 62.175, 54.383
s3701a_114, 13.543, 54.866, 41.323
s3701a_115, 13.023, 58.907, 45.884
s3701a_116, 14.967, 59.912, 44.945
s3701a_117, 5.559, 62.932, 57.373
s3701a_118, 9.606, 55.903, 46.297
s3701a_119, 1.743, 54.862, 53.119
s3701a_12, 8.235, 57.862, 49.627
s3701a_120, 9.284, 59.658, 50.375
s3701a_121, 10.108, 57.966, 47.859
s3701a_122, 13.322, 65.950, 52.627
s3701a_123, 19.521, 56.536, 37.015
s3701a_124, 15.677, 64.553, 48.876
s3701a_125, 13.577, 51.908, 38.331
s3701a_126, 8.988, 55.976, 46.989
s3701a_127, 11.987, 58.280, 46.293
s3701a_128, 13.202, 61.562, 48.360
s3701a_129, 5.877, 58.113, 52.236
s3701a_13, 9.530, 60.506, 50.977
s3701a_130, 9.313, 58.034, 48.720
s3701a_131, 2.717, 51.195, 48.478
s3701a_132, -5.814, 62.144, 67.958
s3701a_133, 9.213, 59.991, 50.778
s3701a_134, 9.860, 58.663, 48.803
s3701a_135, 6.873, 58.711, 51.838
s3701a_136, 9.484, 56.835, 47.351
s3701a_137, 10.405, 61.404, 50.998
s3701a_138, 11.914, 58.555, 46.641
s3701a_139, 11.279, 56.672, 45.394
s3701a_14, 6.417, 54.948, 48.530
s3701a_140, 12.046, 58.673, 46.627
s3701a_141, 6.923, 55.004, 48.081
s3701a_142, 11.313, 57.622, 46.309
s3701a_143, 10.681, 61.994, 51.313
s3701a_144, 8.572, 62.693, 54.122
s3701a_145, 5.287, 66.153, 60.866
s3701a_146, 9.897, 63.240, 53.343
s3701a_147, 8.977, 54.558, 45.581
s3701a_148, 9.409, 59.553, 50.144
s3701a_149, 10.163, 57.412, 47.249
s3701a_15, 3.466, 57.977, 54.511
s3701a_150, 11.174, 62.596, 51.422
s3701a_151, 6.212, 61.744, 55.533
s3701a_152, 15.214, 55.473, 40.259
s3701a_153, 12.158, 59.103, 46.945
s3701a_154, 8.383, 58.141, 49.758
s3701a_155, 19.509, 65.868, 46.359
s3701a_156, 10.098, 62.646, 52.549
s3701a_157, 13.740, 57.492, 43.752
s3701a_158, 1.908, 60.764, 58.856
s3701a_159, 5.402, 58.997, 53.596
s3701a_16, 8.524, 58.698, 50.174
s3701a_160, 8.547, 68.329, 59.782
s3701a_161, 15.019, 61.404, 46.384
s3701a_162, 19.258, 61.808, 42.550
s3701a_163, 7.208, 80.155, 72.947
s3701a_164, 13.870, 53.955, 40.085
s3701a_165, 9.756, 63.098, 53.343
s3701a_166, 6.677, 58.908, 52.231
s3701a_167, 14.284, 59.008, 44.723
s3701a_168, 4.356, 62.558, 58.202
s3701a_169, 15.878, 59.243, 43.365
s3701a_17, 7.362, 68.081, 60.719
s3701a_170, 11.081, 56.816, 45.735
s3701a_18, 19.748, 65.647, 45.898
s3701a_19, 17.874, 68.797, 50.923
s3701a_2, 4.916, 56.088, 51.172
s3701a_20, 11.422, 60.294, 48.872
s3701a_21, 12.999, 59.447, 46.448
s3701a_22, 10.629, 61.855, 51.227
s3701a_23, 13.049, 68.515, 55.466
s3701a_24, 11.432, 58.857, 47.424
s3701a_25, 4.970, 58.756, 53.786
s3701a_26, 5.739, 61.497, 55.757
s3701a_27, 8.936, 58.008, 49.072
s3701a_28, 6.264, 56.294, 50.030
s3701a_29, 11.712, 58.484, 46.773
s3701a_3, 13.877, 60.146, 46.268
s3701a_30, 13.674, 49.050, 35.377
s3701a_31, -0.243, 54.028, 54.271
s3701a_32, 8.855, 54.815, 45.961
s3701a_33, 11.897, 64.314, 52.417
s3701a_34, 2.545, 58.488, 55.942
s3701a_35, 16.429, 72.492, 56.063
s3701a_36, 15.870, 56.032, 40.162
s3701a_37, 14.820, 71.381, 56.561
s3701a_38, 8.247, 63.542, 55.295
s3701a_39, 4.253, 56.283, 52.030
s3701a_4, 14.490, 57.950, 43.460
s3701a_40, 12.910, 62.442, 49.532
s3701a_41, 9.822, 55.160, 45.338
s3701a_42, -3.109, 33.160, 36.269
s3701a_43, 24.455, 61.097, 36.642
s3701a_44, -3.645, 36.717, 40.362
s3701a_45, 9.156, 47.710, 38.554
s3701a_46, 11.642, 62.234, 50.592
s3701a_47, 12.138, 65.272, 53.135
s3701a_48, -0.433, 55.299, 55.731
s3701a_49, 21.534, 72.787, 51.253
s3701a_5, 11.760, 60.998, 49.238
s3701a_50, 12.586, 57.470, 44.884
s3701a_51, 8.992, 61.857, 52.865
s3701a_52, 1.241, 60.061, 58.820
s3701a_53, 8.013, 61.259, 53.246
s3701a_54, 6.819, 64.808, 57.989
s3701a_55, 13.889, 58.745, 44.856
s3701a_56, 12.494, 57.167, 44.673
s3701a_57, 16.088, 56.876, 40.788
s3701a_58, 0.032, 65.923, 65.892
s3701a_59, -2.068, 57.506, 59.574
s3701a_6, 10.468, 61.252, 50.784
s3701a_60, 9.463, 58.308, 48.845
s3701a_61, 1.154, 70.349, 69.195
s3701a_62, 15.778, 65.654, 49.876
s3701a_63, -3.696, 57.760, 61.456
s3701a_64, 4.318, 60.111, 55.793
s3701a_65, 16.326, 70.261, 53.935
s3701a_66, 11.424, 63.161, 51.737
s3701a_67, 5.650, 54.607, 48.957
s3701a_68, 3.731, 50.717, 46.986
s3701a_69, 11.135, 59.251, 48.116
s3701a_7, 6.727, 69.507, 62.779
s3701a_70, 6.927, 66.014, 59.086
s3701a_71, 4.994, 62.574, 57.580
s3701a_72, 8.352, 64.709, 56.358
s3701a_73, 13.382, 60.100, 46.718
s3701a_74, 9.930, 57.988, 48.058
s3701a_75, 11.988, 58.312, 46.325
s3701a_76, 14.006, 55.424, 41.418
s3701a_77, 18.588, 55.621, 37.033
s3701a_78, 15.633, 56.735, 41.103
s3701a_79, 8.648, 64.631, 55.984
s3701a_8, 0.574, 63.597, 63.023
s3701a_80, -2.620, 66.865, 69.485
s3701a_81, 9.750, 56.986, 47.236
s3701a_82, 14.217, 54.916, 40.699
s3701a_83, 15.528, 61.263, 45.735
s3701a_84, 3.251, 67.925, 64.674
s3701a_85, 3.795, 59.943, 56.149
s3701a_86, 10.764, 56.867, 46.103
s3701a_87, 8.825, 64.381, 55.555
s3701a_88, 12.004, 60.490, 48.487
s3701a_89, 7.614, 60.190, 52.577
s3701a_9, 10.609, 56.526, 45.917
s3701a_90, 6.393, 58.200, 51.807
s3701a_91, 12.611, 57.030, 44.419
s3701a_92, 11.693, 59.342, 47.650
s3701a_93, 13.315, 70.097, 56.782
s3701a_94, 8.353, 65.925, 57.573
s3701a_95, 3.987, 58.787, 54.800
s3701a_96, 13.483, 59.484, 46.002
s3701a_97, 10.062, 60.852, 50.790
s3701a_98, 14.668, 56.466, 41.798
s3701a_99, 12.580, 57.976, 45.397
s3701b_0, 7.585, 61.828, 54.243
s3701b_1, 4.062, 59.499, 55.437
s3701b_10, 14.578, 61.177, 46.599
s3701b_100, 10.984, 67.221, 56.237
s3701b_101, 13.893, 62.959, 49.066
s3701b_102, -5.874, 61.075, 66.949
s3701b_103, 4.563, 55.238, 50.675
s3701b_104, 11.425, 63.241, 51.816
s3701b_105, -2.678, 62.111, 64.789
s3701b_106, 7.560, 59.966, 52.405
s3701b_107, 14.926, 63.240, 48.315
s3701b_108, 10.700, 60.240, 49.541
s3701b_109, 18.128, 60.018, 41.890
s3701b_11, 8.903, 73.040, 64.137
s3701b_110, 7.723, 63.666, 55.944
s3701b_111, 14.533, 69.309, 54.776
s3701b_112, 9.196, 58.462, 49.266
s3701b_113, 0.509, 45.565, 45.057
s3701b_114, 4.925, 62.645, 57.720
s3701b_115, 8.183, 64.622, 56.439
s3701b_116, 5.910, 62.362, 56.452
s3701b_117, 12.205, 69.533, 57.328
s3701b_118, 12.660, 58.088, 45.427
s3701b_119, 14.272, 59.124, 44.852
s3701b_12, 20.068, 59.112, 39.044
s3701b_120, 10.738, 58.710, 47.971
s3701b_121, 5.781, 63.864, 58.083
s3701b_122, -0.850, 68.758, 69.608
s3701b_123, 17.676, 57.751, 40.075
s3701b_124, 7.826, 60.439, 52.613
s3701b_125, -0.009, 62.702, 62.711
s3701b_126, 5.265, 59.581, 54.316
s3701b_127, 9.696, 57.867, 48.171
s3701b_128, 12.461, 56.057, 43.596
s3701b_129, 12.212, 59.717, 47.506
s3701b_13, 15.613, 57.833, 42.220
s3701b_130, 12.929, 60.162, 47.233
s3701b_131, 13.544, 57.652, 44.108
s3701b_132, 3.984, 68.232, 64.248
s3701b_133, -6.151, 62.742, 68.893
s3701b_134, 13.800, 55.079, 41.279
s3701b_135, -2.656, 56.774, 59.430
s3701b_136, 3.923, 66.774, 62.851
s3701b_137, 17.163, 70.012, 52.849
s3701b_138, 10.925, 53.621, 42.696
s3701b_139, 22.376, 67.772, 45.396
s3701b_14, 8.303, 65.873, 57.570
s3701b_140, 1.524, 55.768, 54.244
s3701b_141, 4.804, 56.122, 51.318
s3701b_142, 8.035, 66.689, 58.654
s3701b_143, 11.802, 59.056, 47.254
s3701b_144, 1.010, 55.894, 54.885
s3701b_145, 14.209, 135.490, 121.280
s3701b_146, 14.351, 66.958, 52.607
s3701b_147, 8.957, 50.921, 41.964
s3701b_148, 12.483, 61.608, 49.125
s3701b_149, 12.439, 58.858, 46.419
s3701b_15, 7.345, 63.219, 55.874
s3701b_150, 11.887, 57.123, 45.236
s3701b_151, 11.418, 57.230, 45.812
s3701b_152, 13.072, 66.757, 53.685
s3701b_153, 6.561, 65.427, 58.865
s3701b_154, 5.854, 61.440, 55.586
s3701b_155, 14.889, 64.308, 49.419
s3701b_156, 11.428, 55.410, 43.982
s3701b_157, 15.935, 57.730, 41.794
s3701b_158, 7.696, 64.928, 57.232
s3701b_159, 9.245, 62.280, 53.035
s3701b_16, 14.743, 56.682, 41.940
s3701b_160, 10.690, 58.760, 48.071
s3701b_161, 9.260, 63.540, 54.280
s3701b_162, 7.901, 50.020, 42.119
s3701b_163, 14.214, 135.510, 121.295
s3701b_164, 16.912, 59.737, 42.825
s3701b_165, -1.906, 61.205, 63.110
s3701b_17, 2.711, 54.465, 51.755
s3701b_18, 13.520, 60.636, 47.117
s3701b_19, 10.702, 53.401, 42.700
s3701b_2, 4.054, 65.239, 61.185
s3701b_20, 6.299, 58.311, 52.012
s3701b_21, 6.453, 62.542, 56.089
s3701b_22, 16.971, 59.383, 42.412
s3701b_23, 8.054, 59.079, 51.025
s3701b_24, -3.530, 70.415, 73.945
s3701b_25, 11.807, 61.772, 49.965
s3701b_26, 14.222, 68.108, 53.886
s3701b_27, 11.199, 60.371, 49.172
s3701b_28, 8.208, 57.784, 49.575
s3701b_29, 7.321, 62.421, 55.100
s3701b_3, 12.137, 55.049, 42.912
s3701b_30, 11.811, 67.535, 55.724
s3701b_31, 12.736, 57.098, 44.362
s3701b_32, 13.164, 72.154, 58.991
s3701b_33, 6.170, 56.141, 49.970
s3701b_34, 10.559, 61.957, 51.399
s3701b_35, 2.953, 54.907, 51.954
s3701b_36, 16.225, 85.417, 69.192
s3701b_37, 2.060, 54.257, 52.197
s3701b_38, 11.530, 69.937, 58.407
s3701b_39, -0.570, 60.417, 60.987
s3701b_4, 10.775, 54.599, 43.823
s3701b_40, 12.834, 57.416, 44.582
s3701b_41, 5.512, 61.420, 55.908
s3701b_42, 15.547, 56.621, 41.074
s3701b_43, 14.590, 72.454, 57.864
s3701b_44, 9.241, 60.408, 51.166
s3701b_45, 8.687, 59.910, 51.222
s3701b_46, 11.026, 52.049, 41.023
s3701b_47, 4.876, 64.362, 59.485
s3701b_48, 9.693, 56.234, 46.541
s3701b_49, 9.043, 54.639, 45.596
s3701b_5, 4.864, 60.747, 55.883
s3701b_50, 13.397, 56.680, 43.283
s3701b_51, 10.012, 68.188, 58.176
s3701b_52, -7.626, 63.055, 70.681
s3701b_53, 12.256, 54.117, 41.861
s3701b_54, 8.345, 61.874, 53.529
s3701b_55, 5.749, 61.140, 55.391
s3701b_56, 7.751, 55.906, 48.155
s3701b_57, 8.336, 67.985, 59.648
s3701b_58, 8.453, 62.587, 54.135
s3701b_59, 13.742, 56.656, 42.914
s3701b_6, 8.680, 59.899, 51.219
s3701b_60, 11.962, 58.292, 46.330
s3701b_61, 9.399, 57.201, 47.802
s3701b_62, 10.447, 56.250, 45.804
s3701b_63, 17.706, 58.803, 41.097
s3701b_64, 12.263, 60.038, 47.775
s3701b_65, 1.692, 63.994, 62.302
s3701b_66, 6.643, 56.505, 49.862
s3701b_67, 14.211, 59.150, 44.938
s3701b_68, 22.111, 59.339, 37.228
s3701b_69, 21.966, 89.148, 67.182
s3701b_7, 7.674, 61.242, 53.568
s3701b_70, 13.540, 54.915, 41.375
s3701b_71, 4.514, 52.827, 48.313
s3701b_72, 0.499, 64.477, 63.979
s3701b_73, 13.082, 62.776, 49.693
s3701b_74, 8.575, 68.642, 60.067
s3701b_75, 11.220, 53.037, 41.817
s3701b_76, 12.386, 58.133, 45.747
s3701b_77, 22.901, 74.736, 51.835
s3701b_78, 15.861, 58.161, 42.301
s3701b_79, 6.728, 67.725, 60.997
s3701b_8, 7.542, 52.615, 45.073
s3701b_80, 2.885, 67.423, 64.538
s3701b_81, 16.716, 59.722, 43.006
s3701b_82, 7.725, 63.219, 55.494
s3701b_83, 6.481, 53.970, 47.489
s3701b_84, 11.443, 63.477, 52.034
s3701b_85, 11.516, 82.909, 71.393
s3701b_86, 15.902, 58.220, 42.318
s3701b_87, 16.068, 62.748, 46.680
s3701b_88, 11.420, 60.916, 49.495
s3701b_89, 4.598, 57.678, 53.080
s3701b_9, 6.160, 64.146, 57.985
s3701b_90, -1.960, 64.909, 66.869
s3701b_91, 13.191, 60.863, 47.673
s3701b_92, 6.614, 55.332, 48.718
s3701b_93, -0.707, 61.598, 62.305
s3701b_94, 15.486, 68.223, 52.737
s3701b_95, 5.775, 54.311, 48.535
s3701b_96, 15.513, 65.425, 49.912
s3701b_97, 13.226, 59.129, 45.903
s3701b_98, 15.705, 59.925, 44.220
s3701b_99, 11.627, 57.887, 46.260
s3702a_0, 16.091, 59.582, 43.491
s3702a_1, 8.092, 62.205, 54.112
s3702a_10, 17.780, 64.839, 47.059
s3702a_100, 13.624, 58.549, 44.925
s3702a_101, 17.539, 61.297, 43.759
s3702a_102, 19.174, 61.986, 42.812
s3702a_103, 5.904, 63.418, 57.514
s3702a_104, -7.165, 57.366, 64.531
s3702a_105, 8.427, 53.981, 45.554
s3702a_106, 16.371, 61.568, 45.198
s3702a_107, 7.816, 63.502, 55.686
s3702a_108, 17.477, 60.152, 42.675
s3702a_109, 3.522, 42.249, 38.728
s3702a_11, 8.077, 63.644, 55.567
s3702a_110, 1.706, 61.975, 60.269
s3702a_111, 8.075, 58.928, 50.853
s3702a_112, 22.933, 65.644, 42.710
s3702a_113, 17.369, 60.792, 43.423
s3702a_114, 16.161, 54.898, 38.737
s3702a_115, 13.462, 75.393, 61.931
s3702a_116, 12.436, 54.673, 42.237
s3702a_117, 25.314, 71.428, 46.114
s3702a_118, 26.155, 74.150, 47.995
s3702a_119, 15.020, 54.050, 39.029
s3702a_12, 1.036, 19.979, 18.943
s3702a_120, 15.092, 56.993, 41.901
s3702a_121, 13.170, 60.434, 47.264
s3702a_122, 10.110, 66.526, 56.416
s3702a_123, -2.609, 64.793, 67.402
s3702a_124, 13.324, 56.717, 43.393
s3702a_125, 4.007, 58.312, 54.306
s3702a_126, 17.756, 63.118, 45.362
s3702a_127, 6.967, 59.167, 52.200
s3702a_128, 14.888, 56.142, 41.255
s3702a_129, 11.458, 63.834, 52.376
s3702a_13, -3.254, 37.366, 40.620
s3702a_130, 19.923, 55.517, 35.594
s3702a_131, 14.312, 57.107, 42.796
s3702a_132, 3.988, 55.838, 51.849
s3702a_133, 22.537, 66.125, 43.589
s3702a_134, 26.039, 82.791, 56.752
s3702a_135, 1.981, 81.294, 79.313
s3702a_136, 11.444, 58.346, 46.901
s3702a_137, 11.252, 68.379, 57.127
s3702a_138, 8.496, 56.144, 47.648
s3702a_139, 21.485, 64.223, 42.738
s3702a_14, 2.092, 18.664, 16.573
s3702a_140, 10.539, 54.695, 44.156
s3702a_141, 7.126, 60.577, 53.451
s3702a_142, 17.653, 60.289, 42.636
s3702a_143, 11.662, 62.923, 51.261
s3702a_144, 7.604, 59.334, 51.730
s3702a_145, 16.997, 73.922, 56.925
s3702a_146, 12.151, 55.830, 43.679
s3702a_147, 12.955, 64.151, 51.196
s3702a_148, 8.109, 59.310, 51.201
s3702a_149, 13.580, 57.684, 44.104
s3702a_15, 9.219, 70.802, 61.584
s3702a_150, 7.494, 58.299, 50.804
s3702a_151, 15.818, 59.722, 43.905
s3702a_152, 13.397, 57.404, 44.008
s3702a_153, 15.431, 61.040, 45.609
s3702a_154, 13.451, 64.685, 51.234
s3702a_155, 12.868, 61.942, 49.074
s3702a_156, 14.651, 56.212, 41.562
s3702a_157, 4.993, 60.544, 55.551
s3702a_16, 17.424, 59.127, 41.703
s3702a_17, 15.464, 62.444, 46.980
s3702a_18, -4.547, 64.186, 68.733
s3702a_19, 12.927, 61.920, 48.992
s3702a_2, 8.210, 59.373, 51.164
s3702a_20, 8.503, 58.093, 49.591
s3702a_21, -1.704, 66.866, 68.570
s3702a_22, 12.640, 59.201, 46.561
s3702a_23, 11.040, 57.610, 46.570
s3702a_24, 3.183, 59.397, 56.214
s3702a_25, 7.664, 57.241, 49.577
s3702a_26, 13.778, 55.506, 41.728
s3702a_27, 17.645, 61.401, 43.755
s3702a_28, 12.024, 71.394, 59.370
s3702a_29, 1.190, 54.074, 52.885
s3702a_3, 11.900, 58.280, 46.381
s3702a_30, 3.196, 60.413, 57.217
s3702a_31, 11.910, 54.329, 42.419
s3702a_32, 12.194, 64.357, 52.163
s3702a_33, 24.213, 67.193, 42.980
s3702a_34, 10.193, 63.580, 53.387
s3702a_35, 7.495, 57.507, 50.012
s3702a_36, 16.080, 55.242, 39.162
s3702a_37, 18.500, 59.453, 40.953
s3702a_38, 12.316, 58.234, 45.918
s3702a_39, 7.467, 64.150, 56.683
s3702a_4, 11.721, 57.721, 46.001
s3702a_40, 20.773, 63.217, 42.444
s3702a_41, 9.769, 57.970, 48.201
s3702a_42, 7.967, 53.438, 45.472
s3702a_43, 14.380, 61.060, 46.679
s3702a_44, 7.977, 64.606, 56.629
s3702a_45, 8.748, 58.803, 50.055
s3702a_46, 12.781, 60.417, 47.636
s3702a_47, 6.578, 63.648, 57.070
s3702a_48, 10.905, 63.668, 52.762
s3702a_49, 12.034, 60.504, 48.470
s3702a_5, 16.252, 67.169, 50.916
s3702a_50, 2.806, 60.879, 58.073
s3702a_51, 13.319, 63.491, 50.172
s3702a_52, 15.764, 56.091, 40.327
s3702a_53, 5.628, 58.344, 52.716
s3702a_54, 5.936, 57.648, 51.713
s3702a_55, 7.305, 54.591, 47.285
s3702a_56, 15.696, 58.220, 42.524
s3702a_57, 5.704, 50.675, 44.971
s3702a_58, 10.935, 59.688, 48.753
s3702a_59, 17.101, 72.079, 54.977
s3702a_6, 13.156, 58.244, 45.087
s3702a_60, 12.971, 56.374, 43.403
s3702a_61, 14.489, 61.184, 46.695
s3702a_62, 4.614, 63.069, 58.455
s3702a_63, 1.619, 62.363, 60.744
s3702a_64, 9.527, 63.775, 54.248
s3702a_65, 11.951, 59.385, 47.434
s3702a_66, 15.879, 59.546, 43.667
s3702a_67, 0.013, 62.147, 62.134
s3702a_68, 9.875, 58.583, 48.708
s3702a_69, 16.895, 72.234, 55.339
s3702a_7, 7.116, 61.287, 54.171
s3702a_70, 4.964, 70.058, 65.094
s3702a_71, 13.626, 64.107, 50.481
s3702a_72, 15.406, 59.061, 43.656
s3702a_73, 1.381, 62.205, 60.823
s3702a_74, 5.108, 57.699, 52.592
s3702a_75, 10.509, 72.519, 62.011
s3702a_76, 5.591, 56.728, 51.137
s3702a_77, 9.573, 58.443, 48.871
s3702a_78, 6.651, 58.112, 51.461
s3702a_79, 4.923, 55.842, 50.919
s3702a_8, 10.252, 61.730, 51.477
s3702a_80, 7.989, 55.948, 47.959
s3702a_81, 12.056, 66.829, 54.774
s3702a_82, 13.256, 58.421, 45.165
s3702a_83, 8.872, 53.668, 44.796
s3702a_84, 16.708, 53.683, 36.976
s3702a_85, 6.021, 141.176, 135.155
s3702a_86, 8.448, 53.445, 44.997
s3702a_87, 12.803, 60.404, 47.601
s3702a_88, 9.875, 75.906, 66.031
s3702a_89, 12.745, 59.256, 46.511
s3702a_9, 11.178, 86.845, 75.668
s3702a_90, 24.102, 78.035, 53.933
s3702a_91, 15.488, 59.517, 44.029
s3702a_92, 19.376, 87.537, 68.161
s3702a_93, 26.642, 85.470, 58.828
s3702a_94, 18.367, 86.152, 67.785
s3702a_95, 10.902, 59.042, 48.140
s3702a_96, 10.385, 62.883, 52.498
s3702a_97, 13.188, 56.818, 43.630
s3702a_98, 2.522, 68.525, 66.003
s3702a_99, 9.354, 54.397, 45.043
s3702b_0, -0.791, 55.191, 55.982
s3702b_1, -4.782, 65.738, 70.520
s3702b_10, 9.654, 131.546, 121.892
s3702b_100, -3.112, 64.362, 67.474
s3702b_101, 8.637, 59.031, 50.393
s3702b_102, 18.583, 67.072, 48.489
s3702b_103, 8.296, 61.216, 52.920
s3702b_104, 9.111, 58.677, 49.566
s3702b_105, 11.776, 57.537, 45.761
s3702b_106, 12.437, 50.051, 37.614
s3702b_107, 6.810, 57.201, 50.391
s3702b_108, 16.256, 61.650, 45.394
s3702b_109, -1.086, 54.420, 55.507
s3702b_11, 19.171, 65.407, 46.235
s3702b_110, 18.083, 66.492, 48.408
s3702b_111, 13.594, 59.618, 46.024
s3702b_112, 5.973, 57.351, 51.377
s3702b_113, 13.468, 57.672, 44.204
s3702b_114, 10.716, 60.870, 50.154
s3702b_115, 9.265, 54.912, 45.647
s3702b_116, 9.451, 56.969, 47.518
s3702b_117, 14.896, 61.100, 46.204
s3702b_118, 13.900, 59.655, 45.755
s3702b_119, 11.242, 59.807, 48.565
s3702b_12, 2.986, 60.869, 57.883
s3702b_120, 5.903, 73.438, 67.536
s3702b_121, 4.127, 60.801, 56.674
s3702b_13, 7.284, 57.003, 49.720
s3702b_14, 16.781, 63.796, 47.015
s3702b_15, 5.028, 61.015, 55.987
s3702b_16, 5.867, 56.710, 50.843
s3702b_17, 12.894, 65.858, 52.964
s3702b_18, 13.131, 61.211, 48.080
s3702b_19, 12.722, 58.760, 46.038
s3702b_2, -4.344, 61.991, 66.335
s3702b_20, 9.801, 60.701, 50.900
s3702b_21, 3.990, 63.550, 59.560
s3702b_22, 16.831, 58.489, 41.658
s3702b_23, 14.568, 60.244, 45.676
s3702b_24, 14.197, 54.989, 40.792
s3702b_25, 5.269, 61.733, 56.464
s3702b_26, 14.565, 55.932, 41.368
s3702b_27, 8.761, 68.841, 60.081
s3702b_28, 5.406, 67.278, 61.872
s3702b_29, 14.668, 67.725, 53.057
s3702b_3, 16.349, 68.590, 52.241
s3702b_30, 16.725, 56.338, 39.612
s3702b_31, 13.482, 58.980, 45.498
s3702b_32, 7.979, 63.198, 55.219
s3702b_33, 14.025, 60.052, 46.027
s3702b_34, 11.495, 57.836, 46.341
s3702b_35, 5.834, 60.206, 54.372
s3702b_36, 9.862, 59.810, 49.948
s3702b_37, 6.441, 67.114, 60.673
s3702b_38, 10.460, 58.663, 48.204
s3702b_39, 19.442, 59.838, 40.396
s3702b_4, 13.584, 66.163, 52.579
s3702b_40, 8.406, 61.015, 52.609
s3702b_41, 13.868, 77.865, 63.997
s3702b_42, 22.754, 19.632, -3.122
s3702b_43, 14.946, 61.368, 46.422
s3702b_44, 11.460, 57.266, 45.806
s3702b_45, 11.765, 62.789, 51.024
s3702b_46, -0.479, 70.206, 70.684
s3702b_47, 9.300, 56.060, 46.760
s3702b_48, 12.319, 55.516, 43.197
s3702b_49, 11.621, 62.586, 50.965
s3702b_5, 2.646, 59.186, 56.540
s3702b_50, 5.372, 56.300, 50.927
s3702b_51, 10.889, 58.571, 47.683
s3702b_52, 10.875, 59.830, 48.955
s3702b_53, -3.143, 53.686, 56.828
s3702b_54, 6.465, 62.137, 55.672
s3702b_55, -2.928, 68.920, 71.848
s3702b_56, 13.354, 64.995, 51.641
s3702b_57, 16.844, 61.173, 44.328
s3702b_58, 8.391, 62.439, 54.047
s3702b_59, 12.914, 49.745, 36.832
s3702b_6, 7.938, 64.052, 56.115
s3702b_60, 8.633, 62.918, 54.285
s3702b_61, 7.749, 53.500, 45.751
s3702b_62, 9.403, 59.680, 50.277
s3702b_63, 26.406, 65.301, 38.894
s3702b_64, 15.887, 52.047, 36.160
s3702b_65, 15.286, 59.544, 44.258
s3702b_66, 11.251, 56.480, 45.229
s3702b_67, 18.638, 58.072, 39.433
s3702b_68, 12.434, 59.858, 47.424
s3702b_69, 8.902, 59.149, 50.247
s3702b_7, 6.707, 65.971, 59.263
s3702b_70, 10.775, 58.587, 47.812
s3702b_71, 6.704, 58.327, 51.623
s3702b_72, 6.762, 59.315, 52.553
s3702b_73, 5.543, 60.396, 54.853
s3702b_74, 2.132, 43.661, 41.529
s3702b_75, 14.327, 58.756, 44.429
s3702b_76, 7.643, 61.078, 53.435
s3702b_77, 17.222, 62.331, 45.109
s3702b_78, 10.260, 57.556, 47.296
s3702b_79, -1.176, 58.206, 59.382
s3702b_8, 8.880, 55.943, 47.063
s3702b_80, 5.745, 61.292, 55.547
s3702b_81, 12.014, 60.834, 48.820
s3702b_82, 1.968, 61.017, 59.049
s3702b_83, 12.008, 56.945, 44.937
s3702b_84, 2.936, 55.395, 52.459
s3702b_85, 10.305, 66.718, 56.414
s3702b_86, 11.048, 56.861, 45.812
s3702b_87, 3.310, 60.557, 57.247
s3702b_88, 10.334, 63.721, 53.387
s3702b_89, 14.821, 60.286, 45.466
s3702b_9, 10.465, 57.500, 47.035
s3702b_90, 8.299, 52.130, 43.831
s3702b_91, 9.850, 61.299, 51.449
s3702b_92, 6.990, 56.022, 49.032
s3702b_93, 6.751, 58.146, 51.395
s3702b_94, 7.346, 68.568, 61.222
s3702b_95, 10.498, 53.570, 43.072
s3702b_96, 7.983, 55.050, 47.067
s3702b_97, 5.079, 66.942, 61.863
s3702b_98, 12.571, 60.031, 47.460
s3702b_99, 6.473, 60.278, 53.805
s3703a_0, 6.634, 54.024, 47.391
s3703a_1, 7.864, 52.556, 44.692
s3703a_10, 7.244, 61.538, 54.294
s3703a_100, 8.755, 53.321, 44.567
s3703a_101, 12.430, 55.576, 43.146
s3703a_102, 15.625, 61.507, 45.882
s3703a_103, 10.427, 62.091, 51.664
s3703a_104, 13.170, 59.145, 45.975
s3703a_105, 15.775, 60.885, 45.109
s3703a_106, 11.107, 57.764, 46.657
s3703a_107, 12.346, 55.174, 42.828
s3703a_108, 13.843, 56.408, 42.565
s3703a_109, 10.148, 52.020, 41.872
s3703a_11, 7.538, 55.308, 47.770
s3703a_110, -12.294, 66.965, 79.259
s3703a_111, 6.506, 69.801, 63.294
s3703a_112, 13.676, 56.525, 42.848
s3703a_113, 8.491, 66.904, 58.413
s3703a_114, 12.516, 59.267, 46.751
s3703a_115, 11.303, 58.465, 47.162
s3703a_116, 0.829, 65.250, 64.421
s3703a_117, 6.255, 57.202, 50.947
s3703a_118, 16.929, 54.735, 37.806
s3703a_119, 2.523, 59.429, 56.906
s3703a_12, 12.552, 59.825, 47.273
s3703a_120, 8.323, 50.017, 41.694
s3703a_121, 9.746, 58.104, 48.358
s3703a_122, 10.099, 55.420, 45.321
s3703a_123, 8.754, 59.586, 50.832
s3703a_124, 3.054, 56.531, 53.478
s3703a_125, 6.904, 58.982, 52.078
s3703a_126, -0.215, 148.433, 148.647
s3703a_127, 14.064, 61.824, 47.760
s3703a_128, 15.800, 58.552, 42.751
s3703a_129, 20.777, 67.024, 46.247
s3703a_13, -1.306, 47.970, 49.276
s3703a_130, 10.252, 58.334, 48.083
s3703a_131, 6.476, 59.661, 53.185
s3703a_132, 15.016, 53.999, 38.983
s3703a_133, 16.790, 64.182, 47.392
s3703a_134, 16.376, 58.952, 42.576
s3703a_135, 11.004, 62.091, 51.087
s3703a_136, 8.473, 66.103, 57.630
s3703a_137, 12.840, 56.258, 43.418
s3703a_138, 12.828, 60.010, 47.182
s3703a_139, 13.878, 57.006, 43.129
s3703a_14, 12.984, 59.171, 46.186
s3703a_15, 12.893, 58.800, 45.907
s3703a_16, 10.937, 60.045, 49.108
s3703a_17, 11.921, 59.688, 47.767
s3703a_18, 8.989, 62.876, 53.887
s3703a_19, 13.229, 61.228, 47.999
s3703a_2, 18.136, 59.806, 41.670
s3703a_20, 14.429, 67.170, 52.741
s3703a_21, 18.468, 65.584, 47.116
s3703a_22, 6.901, 139.234, 132.333
s3703a_23, 9.539, 56.652, 47.113
s3703a_24, -3.013, 55.134, 58.147
s3703a_25, 13.406, 57.916, 44.510
s3703a_26, 22.605, 58.778, 36.173
s3703a_27, 15.853, 58.443, 42.591
s3703a_28, 11.187, 58.504, 47.316
s3703a_29, 17.282, 61.767, 44.484
s3703a_3, 13.941, 60.352, 46.411
s3703a_30, 20.135, 62.183, 42.048
s3703a_31, 12.277, 55.979, 43.702
s3703a_32, 18.704, 65.254, 46.551
s3703a_33, 11.193, 59.764, 48.571
s3703a_34, 4.928, 68.261, 63.333
s3703a_35, 12.874, 58.497, 45.623
s3703a_36, 6.182, 66.329, 60.147
s3703a_37, 17.667, 63.008, 45.340
s3703a_38, 10.437, 61.573, 51.136
s3703a_39, 11.832, 59.602, 47.770
s3703a_4, 4.705, 56.665, 51.960
s3703a_40, -3.478, 46.669, 50.147
s3703a_41, 12.221, 60.274, 48.053
s3703a_42, 14.857, 54.779, 39.921
s3703a_43, 10.867, 58.115, 47.248
s3703a_44, 1.541, 63.236, 61.695
s3703a_45, 22.337, 61.714, 39.377
s3703a_46, 12.860, 55.870, 43.010
s3703a_47, 13.692, 58.495, 44.803
s3703a_48, 15.072, 59.777, 44.705
s3703a_49, 9.384, 59.989, 50.606
s3703a_5, 15.463, 60.498, 45.035
s3703a_50, 9.533, 65.080, 55.547
s3703a_51, 10.808, 66.345, 55.536
s3703a_52, 10.611, 61.813, 51.202
s3703a_53, 16.980, 58.261, 41.282
s3703a_54, 12.176, 59.914, 47.738
s3703a_55, 14.531, 58.065, 43.535
s3703a_56, 12.072, 60.046, 47.975
s3703a_57, 10.029, 58.114, 48.085
s3703a_58, 16.297, 56.771, 40.474
s3703a_59, 13.352, 59.492, 46.140
s3703a_6, 15.438, 56.168, 40.730
s3703a_60, 12.033, 59.149, 47.116
s3703a_61, 12.930, 54.026, 41.096
s3703a_62, 6.279, 55.407, 49.128
s3703a_63, 30.642, 73.033, 42.391
s3703a_64, 13.618, 59.600, 45.982
s3703a_65, 7.905, 62.568, 54.663
s3703a_66, 10.492, 59.316, 48.824
s3703a_67, 11.851, 59.075, 47.224
s3703a_68, 16.366, 58.280, 41.914
s3703a_69, 10.822, 57.859, 47.037
s3703a_7, 10.618, 59.793, 49.175
s3703a_70, 3.916, 57.738, 53.822
s3703a_71, 11.727, 60.279, 48.552
s3703a_72, 15.166, 63.141, 47.975
s3703a_73, 8.770, 61.903, 53.133
s3703a_74, 13.239, 59.449, 46.210
s3703a_75, 8.179, 57.412, 49.233
s3703a_76, 6.393, 57.719, 51.326
s3703a_77, 15.200, 63.827, 48.627
s3703a_78, 10.695, 57.506, 46.811
s3703a_79, 16.400, 65.957, 49.557
s3703a_8, 10.212, 59.713, 49.500
s3703a_80, 32.428, 78.048, 45.620
s3703a_81, 12.356, 59.183, 46.826
s3703a_82, 7.709, 59.262, 51.553
s3703a_83, 2.033, 60.113, 58.080
s3703a_84, 13.471, 64.066, 50.595
s3703a_85, 14.134, 55.956, 41.822
s3703a_86, 20.078, 62.936, 42.858
s3703a_87, 11.513, 58.986, 47.473
s3703a_88, 15.443, 55.302, 39.858
s3703a_89, 13.985, 53.832, 39.847
s3703a_9, 11.945, 58.954, 47.009
s3703a_90, 13.870, 63.393, 49.523
s3703a_91, 4.757, 62.730, 57.973
s3703a_92, 6.866, 57.724, 50.859
s3703a_93, 0.578, 61.176, 60.598
s3703a_94, 7.700, 67.771, 60.071
s3703a_95, 6.287, 70.954, 64.667
s3703a_96, 15.078, 56.479, 41.401
s3703a_97, 9.057, 56.460, 47.402
s3703a_98, 14.784, 54.840, 40.056
s3703a_99, 9.184, 55.928, 46.744
s3703b_0, 13.648, 58.141, 44.494
s3703b_1, 9.574, 56.609, 47.035
s3703b_10, 14.352, 59.344, 44.993
s3703b_100, 6.558, 57.722, 51.165
s3703b_101, 12.573, 54.851, 42.278
s3703b_102, 7.401, 59.907, 52.506
s3703b_103, 12.273, 64.579, 52.306
s3703b_104, 19.900, 54.566, 34.667
s3703b_105, 13.833, 54.658, 40.824
s3703b_106, 4.162, 64.810, 60.648
s3703b_107, 18.905, 65.176, 46.271
s3703b_108, 17.270, 65.818, 48.548
s3703b_109, 11.426, 58.003, 46.577
s3703b_11, 6.819, 66.864, 60.044
s3703b_110, 1.820, 68.335, 66.515
s3703b_111, 8.435, 58.751, 50.316
s3703b_112, 4.668, 60.285, 55.617
s3703b_113, 0.419, 61.230, 60.811
s3703b_114, 17.553, 63.594, 46.042
s3703b_115, -0.872, 52.192, 53.064
s3703b_116, 16.298, 58.947, 42.649
s3703b_117, 6.746, 68.038, 61.292
s3703b_118, 12.281, 60.533, 48.253
s3703b_119, 7.463, 60.632, 53.168
s3703b_12, 25.024, 72.977, 47.953
s3703b_120, 12.657, 61.343, 48.685
s3703b_121, 9.810, 60.588, 50.778
s3703b_122, 16.012, 63.563, 47.552
s3703b_123, 9.266, 62.386, 53.120
s3703b_124, 11.947, 65.122, 53.175
s3703b_125, 7.621, 53.897, 46.276
s3703b_126, 12.241, 67.504, 55.263
s3703b_127, 8.655, 53.463, 44.808
s3703b_128, 6.726, 54.574, 47.848
s3703b_129, 17.157, 62.513, 45.357
s3703b_13, 17.263, 60.282, 43.018
s3703b_130, 11.429, 59.649, 48.219
s3703b_131, 1.414, 48.985, 47.571
s3703b_132, 18.805, 62.010, 43.205
s3703b_133, 16.780, 59.644, 42.864
s3703b_134, 9.471, 63.992, 54.520
s3703b_135, 15.306, 62.502, 47.197
s3703b_136, 15.293, 58.487, 43.194
s3703b_137, 12.860, 61.662, 48.802
s3703b_138, 5.225, 41.921, 36.696
s3703b_139, -1.320, 47.423, 48.742
s3703b_14, 8.678, 64.443, 55.765
s3703b_140, 8.712, 65.030, 56.318
s3703b_141, 11.875, 60.310, 48.435
s3703b_142, 18.209, 63.336, 45.127
s3703b_143, 5.272, 63.169, 57.897
s3703b_144, 7.362, 60.693, 53.331
s3703b_145, 7.205, 57.836, 50.631
s3703b_146, 8.317, 60.766, 52.449
s3703b_147, 12.800, 58.066, 45.267
s3703b_148, 19.903, 72.208, 52.305
s3703b_149, 14.668, 66.654, 51.987
s3703b_15, 2.661, 69.705, 67.044
s3703b_150, 16.261, 56.979, 40.718
s3703b_151, 9.349, 71.488, 62.139
s3703b_152, 14.147, 65.134, 50.988
s3703b_153, 17.185, 74.253, 57.067
s3703b_154, 10.966, 60.670, 49.704
s3703b_155, 6.068, 59.498, 53.431
s3703b_156, 3.261, 65.684, 62.422
s3703b_157, 12.291, 59.771, 47.480
s3703b_158, 12.522, 63.331, 50.809
s3703b_159, 23.125, 63.654, 40.529
s3703b_16, 6.734, 65.589, 58.855
s3703b_160, 13.856, 59.417, 45.560
s3703b_161, 16.727, 58.783, 42.056
s3703b_162, 14.609, 66.493, 51.884
s3703b_163, 16.380, 54.351, 37.971
s3703b_164, -0.702, 60.957, 61.658
s3703b_165, 17.309, 68.274, 50.965
s3703b_166, 18.244, 60.700, 42.456
s3703b_167, 9.744, 58.408, 48.664
s3703b_168, 12.254, 58.928, 46.674
s3703b_169, 9.115, 55.994, 46.879
s3703b_17, 21.527, 65.236, 43.710
s3703b_170, 9.866, 60.855, 50.990
s3703b_171, 14.215, 135.510, 121.296
s3703b_18, 7.811, 66.583, 58.772
s3703b_19, 2.532, 72.042, 69.511
s3703b_2, 10.944, 61.311, 50.367
s3703b_20, 9.752, 60.653, 50.901
s3703b_21, 8.509, 138.197, 129.688
s3703b_22, 11.614, 80.507, 68.893
s3703b_23, 17.045, 62.766, 45.721
s3703b_24, 4.046, 63.084, 59.039
s3703b_25, 9.904, 56.478, 46.573
s3703b_26, 2.084, 136.767, 134.683
s3703b_27, 27.720, 87.458, 59.738
s3703b_28, 29.756, 78.740, 48.984
s3703b_29, 13.994, 134.639, 120.645
s3703b_3, 11.492, 56.882, 45.391
s3703b_30, 10.863, 59.222, 48.360
s3703b_31, 5.169, 42.220, 37.051
s3703b_32, 14.817, 65.394, 50.578
s3703b_33, 9.386, 55.028, 45.642
s3703b_34, 21.066, 64.217, 43.151
s3703b_35, 10.996, 63.422, 52.425
s3703b_36, 1.176, 52.237, 51.061
s3703b_37, 12.459, 57.330, 44.871
s3703b_38, 14.218, 131.128, 116.910
s3703b_39, 10.984, 56.195, 45.211
s3703b_4, 8.042, 61.991, 53.949
s3703b_40, 17.712, 66.236, 48.524
s3703b_41, 7.369, 57.566, 50.197
s3703b_42, 2.411, 56.793, 54.382
s3703b_43, 11.742, 57.849, 46.107
s3703b_44, 10.761, 57.777, 47.016
s3703b_45, 4.734, 55.256, 50.522
s3703b_46, 2.765, 68.112, 65.347
s3703b_47, 12.869, 60.850, 47.982
s3703b_48, 30.537, 87.461, 56.924
s3703b_49, 14.567, 58.588, 44.021
s3703b_5, 17.651, 75.761, 58.110
s3703b_50, 8.075, 61.554, 53.479
s3703b_51, 13.838, 57.787, 43.950
s3703b_52, 7.370, 49.977, 42.607
s3703b_53, 14.453, 60.870, 46.417
s3703b_54, 9.057, 60.044, 50.988
s3703b_55, 23.453, 71.452, 48.000
s3703b_56, 18.682, 69.496, 50.814
s3703b_57, 16.906, 58.405, 41.499
s3703b_58, 7.288, 58.433, 51.145
s3703b_59, -13.151, 66.485, 79.635
s3703b_6, 2.984, 61.788, 58.804
s3703b_60, 0.024, 66.308, 66.284
s3703b_61, 6.622, 65.335, 58.713
s3703b_62, 15.154, 60.781, 45.627
s3703b_63, 11.465, 68.732, 57.267
s3703b_64, 17.260, 72.221, 54.960
s3703b_65, 15.255, 59.744, 44.489
s3703b_66, 9.719, 66.509, 56.791
s3703b_67, 19.127, 63.630, 44.504
s3703b_68, 11.194, 60.266, 49.071
s3703b_69, 12.821, 61.595, 48.774
s3703b_7, 12.598, 63.278, 50.679
s3703b_70, 14.715, 67.588, 52.873
s3703b_71, 14.504, 60.511, 46.007
s3703b_72, 3.449, 65.990, 62.542
s3703b_73, 10.984, 67.465, 56.480
s3703b_74, 17.660, 58.690, 41.031
s3703b_75, 11.610, 59.056, 47.447
s3703b_76, 11.666, 53.865, 42.199
s3703b_77, 15.402, 61.776, 46.374
s3703b_78, 11.716, 60.034, 48.318
s3703b_79, 12.782, 58.901, 46.119
s3703b_8, 3.185, 54.672, 51.487
s3703b_80, 20.231, 56.899, 36.669
s3703b_81, 3.389, 64.670, 61.281
s3703b_82, 10.823, 60.701, 49.877
s3703b_83, 19.551, 66.749, 47.198
s3703b_84, 12.785, 62.478, 49.693
s3703b_85, 8.899, 65.661, 56.762
s3703b_86, 19.830, 66.119, 46.289
s3703b_87, 14.215, 135.510, 121.296
s3703b_88, 14.707, 59.140, 44.432
s3703b_89, 24.153, 74.434, 50.281
s3703b_9, 7.488, 58.857, 51.370
s3703b_90, 17.482, 61.257, 43.774
s3703b_91, 13.242, 55.129, 41.887
s3703b_92, 9.818, 59.073, 49.255
s3703b_93, 19.103, 62.738, 43.635
s3703b_94, 16.981, 54.596, 37.615
s3703b_95, 15.863, 61.517, 45.654
s3703b_96, 14.648, 59.829, 45.181
s3703b_97, 18.769, 69.003, 50.234
s3703b_98, 14.772, 63.925, 49.153
s3703b_99, 27.686, 86.996, 59.311
