f_id, m_within, m_across, m_delta, m_measure
s2801a_0, 15.075, 19.880, 4.804, 18.486
s2801a_1, 10.683, 57.242, 46.560, 46.543
s2801a_10, 29.776, 27.848, -1.928, 27.508
s2801a_100, 46.747, 15.348, -31.399, 21.097
s2801a_101, 23.765, 50.830, 27.064, 44.198
s2801a_102, 36.945, 15.110, -21.835, 19.049
s2801a_103, 2.358, 55.138, 52.780, 43.402
s2801a_104, 21.707, 46.716, 25.009, 40.606
s2801a_105, 6.886, 60.235, 53.349, 48.040
s2801a_106, 48.468, 10.035, -38.433, 17.305
s2801a_107, 12.666, 62.865, 50.198, 51.114
s2801a_108, 8.160, 57.342, 49.182, 46.053
s2801a_109, 30.453, 22.977, -7.476, 23.859
s2801a_11, 12.855, 63.582, 50.727, 51.940
s2801a_110, 13.128, 51.061, 37.934, 42.307
s2801a_111, 16.610, 60.339, 43.729, 50.012
s2801a_112, 10.202, 59.306, 49.104, 47.953
s2801a_113, 15.536, 59.294, 43.757, 48.936
s2801a_114, 24.569, 32.643, 8.074, 30.221
s2801a_115, 11.675, 34.619, 22.944, 29.292
s2801a_116, 8.917, 59.785, 50.867, 48.169
s2801a_117, 16.938, 60.273, 43.336, 49.881
s2801a_118, 26.077, 44.671, 18.593, 39.833
s2801a_119, 14.585, 57.725, 43.140, 47.777
s2801a_12, 15.764, 59.826, 44.063, 49.356
s2801a_120, 13.723, 59.600, 45.877, 48.759
s2801a_121, 12.766, 54.292, 41.526, 44.734
s2801a_122, 29.002, 19.307, -9.695, 20.743
s2801a_123, 17.869, 28.291, 10.423, 25.560
s2801a_124, 13.212, 59.436, 46.224, 48.611
s2801a_125, 12.234, 58.328, 46.094, 47.524
s2801a_126, 15.737, 60.230, 44.493, 49.899
s2801a_127, 7.268, 63.861, 56.593, 51.079
s2801a_128, 44.262, 7.431, -36.831, 14.441
s2801a_129, 31.851, 32.771, 0.920, 31.760
s2801a_13, 10.496, 61.609, 51.114, 49.884
s2801a_130, 27.487, 41.015, 13.529, 37.277
s2801a_131, 29.372, 36.939, 7.568, 34.482
s2801a_132, 36.860, -3.492, -40.353, 4.471
s2801a_133, 14.981, 59.685, 44.703, 49.067
s2801a_134, 21.909, 30.504, 8.595, 28.075
s2801a_135, 58.472, 11.795, -46.677, 20.601
s2801a_136, 9.337, 53.377, 44.040, 43.245
s2801a_137, 14.054, 62.873, 48.820, 51.400
s2801a_138, 16.234, 50.620, 34.385, 42.569
s2801a_139, 25.001, 31.362, 6.361, 29.347
s2801a_14, 35.385, 11.787, -23.599, 16.120
s2801a_140, 7.469, 61.666, 54.198, 49.214
s2801a_141, 11.724, 61.212, 49.487, 49.690
s2801a_142, 17.774, 51.701, 33.927, 43.689
s2801a_143, 6.802, 59.585, 52.783, 47.538
s2801a_144, 19.654, 33.676, 14.022, 30.112
s2801a_145, 17.923, 28.820, 10.897, 26.008
s2801a_146, 39.251, 12.526, -26.725, 17.484
s2801a_147, 11.319, 48.696, 37.378, 40.110
s2801a_148, 13.983, 40.767, 26.784, 34.486
s2801a_149, 11.878, 36.207, 24.329, 30.576
s2801a_15, 12.754, 66.685, 53.931, 54.326
s2801a_150, 7.158, 59.185, 52.027, 47.311
s2801a_151, 16.049, 31.428, 15.379, 27.675
s2801a_152, 32.501, 16.089, -16.412, 18.926
s2801a_153, 11.702, 59.016, 47.315, 47.957
s2801a_154, 7.591, 60.665, 53.073, 48.585
s2801a_155, 19.833, 38.218, 18.385, 33.643
s2801a_156, 11.933, 59.496, 47.563, 48.345
s2801a_157, 14.206, 60.501, 46.294, 49.697
s2801a_158, 13.470, 62.313, 48.842, 50.986
s2801a_159, 12.392, 62.832, 50.440, 51.301
s2801a_16, 8.021, 59.734, 51.714, 47.893
s2801a_160, 9.769, 60.792, 51.023, 49.002
s2801a_161, 18.576, 27.203, 8.627, 24.850
s2801a_162, 29.649, 26.740, -2.910, 26.655
s2801a_163, 42.290, 21.549, -20.741, 25.047
s2801a_164, 10.868, 64.279, 53.411, 52.100
s2801a_165, 30.049, 31.637, 1.588, 30.520
s2801a_166, 5.402, 58.749, 53.347, 46.594
s2801a_167, 14.093, 60.081, 45.988, 49.314
s2801a_168, 7.853, 56.548, 48.695, 45.395
s2801a_169, 14.269, 28.126, 13.857, 24.755
s2801a_17, 12.653, 62.039, 49.387, 50.451
s2801a_170, 14.686, 38.206, 23.520, 32.685
s2801a_171, 2.490, 43.024, 40.534, 34.060
s2801a_172, 23.814, 15.499, -8.315, 16.761
s2801a_173, 39.035, 15.339, -23.697, 19.615
s2801a_174, 6.498, 59.143, 52.645, 47.108
s2801a_175, 8.761, 56.294, 47.533, 45.312
s2801a_176, 34.950, 15.051, -19.898, 18.568
s2801a_177, 12.059, 61.497, 49.439, 50.118
s2801a_178, 25.025, 30.887, 5.863, 28.971
s2801a_179, 69.853, 1.470, -68.383, 14.798
s2801a_18, 7.297, 54.922, 47.625, 44.189
s2801a_180, 43.718, 7.495, -36.223, 14.391
s2801a_181, 10.802, 60.192, 49.390, 48.818
s2801a_182, 49.062, 10.330, -38.732, 17.640
s2801a_183, 12.425, 58.972, 46.547, 48.220
s2801a_184, 12.152, 25.687, 13.534, 22.441
s2801a_185, 28.056, 23.517, -4.539, 23.835
s2801a_186, 12.359, 58.822, 46.464, 48.052
s2801a_187, 36.860, -3.492, -40.353, 4.471
s2801a_188, 6.810, 61.478, 54.668, 49.102
s2801a_189, 47.164, 2.537, -44.627, 11.212
s2801a_19, 27.851, 10.459, -17.393, 13.640
s2801a_190, 10.985, 64.184, 53.199, 51.967
s2801a_191, 44.628, 11.090, -33.538, 17.374
s2801a_192, 16.132, 50.145, 34.012, 42.113
s2801a_193, 21.378, 37.152, 15.774, 33.119
s2801a_194, 3.399, 60.380, 56.981, 47.618
s2801a_195, 12.687, 60.111, 47.423, 49.003
s2801a_196, 39.545, 27.091, -12.454, 28.829
s2801a_197, 15.712, 60.919, 45.207, 50.333
s2801a_198, 19.403, 35.589, 16.186, 31.550
s2801a_199, 10.354, 62.441, 52.088, 50.573
s2801a_2, 34.522, 22.746, -11.776, 24.486
s2801a_20, 8.148, 55.803, 47.655, 44.810
s2801a_200, 31.069, 12.630, -18.438, 15.931
s2801a_201, 34.098, 15.796, -18.302, 19.003
s2801a_202, 10.958, 50.346, 39.388, 41.384
s2801a_203, 39.750, 11.839, -27.911, 17.010
s2801a_204, 22.955, 40.173, 17.218, 35.804
s2801a_205, 10.784, 27.417, 16.633, 23.564
s2801a_206, 32.892, 22.998, -9.894, 24.350
s2801a_207, 26.132, 43.583, 17.451, 39.007
s2801a_208, 26.889, 37.392, 10.503, 34.372
s2801a_209, 6.191, 63.128, 56.937, 50.180
s2801a_21, 10.130, 54.239, 44.109, 44.047
s2801a_210, 5.460, 56.834, 51.374, 45.227
s2801a_211, 41.257, 16.071, -25.185, 20.585
s2801a_212, 29.233, 17.058, -12.176, 19.026
s2801a_213, 40.641, 17.566, -23.074, 21.627
s2801a_214, 21.037, 29.313, 8.276, 26.988
s2801a_215, 22.160, 40.984, 18.824, 36.272
s2801a_216, 16.382, 59.494, 43.112, 49.371
s2801a_217, 8.795, 56.484, 47.689, 45.427
s2801a_218, 9.153, 51.086, 41.933, 41.581
s2801a_219, 25.436, 29.478, 4.042, 27.968
s2801a_22, 12.068, 54.936, 42.868, 44.920
s2801a_220, 9.209, 58.000, 48.791, 46.944
s2801a_221, 49.811, 7.049, -42.762, 15.236
s2801a_222, 12.181, 59.712, 47.531, 48.636
s2801a_223, 35.702, 17.287, -18.415, 20.459
s2801a_224, 3.732, 44.878, 41.146, 35.748
s2801a_225, 13.342, 59.348, 46.006, 48.661
s2801a_226, 68.281, 1.568, -66.713, 14.577
s2801a_227, 11.673, 58.165, 46.492, 47.443
s2801a_228, 36.703, 2.949, -33.754, 9.511
s2801a_229, 42.028, 12.424, -29.604, 17.900
s2801a_23, 36.627, 17.579, -19.048, 20.880
s2801a_230, 29.786, 20.172, -9.615, 21.545
s2801a_231, 40.343, 19.607, -20.736, 23.162
s2801a_232, 12.887, 54.551, 41.664, 44.974
s2801a_233, 43.698, 17.514, -26.184, 22.197
s2801a_234, 12.914, 58.462, 45.548, 47.805
s2801a_235, 24.560, 17.872, -6.688, 18.747
s2801a_236, 26.988, 13.230, -13.758, 15.601
s2801a_237, 25.911, 25.219, -0.692, 24.744
s2801a_238, 9.524, 61.863, 52.338, 49.828
s2801a_239, 16.666, 21.737, 5.072, 20.227
s2801a_24, 23.676, 48.800, 25.124, 42.562
s2801a_240, 16.984, 56.715, 39.732, 47.203
s2801a_241, -0.650, 42.396, 43.046, 32.969
s2801a_242, 13.065, 58.285, 45.220, 47.897
s2801a_243, 31.628, 25.593, -6.035, 26.124
s2801a_244, 43.359, 17.425, -25.934, 22.084
s2801a_245, 11.067, 58.433, 47.366, 47.604
s2801a_246, 10.970, 43.166, 32.197, 35.794
s2801a_247, 11.056, 60.659, 49.603, 49.155
s2801a_248, 6.752, 49.755, 43.004, 39.991
s2801a_249, 12.382, 57.031, 44.649, 46.697
s2801a_25, 40.591, 17.460, -23.131, 21.556
s2801a_250, 3.256, 57.743, 54.487, 45.635
s2801a_251, 4.183, 59.717, 55.533, 47.160
s2801a_252, 16.120, 43.827, 27.707, 37.280
s2801a_253, 14.782, 52.489, 37.707, 43.751
s2801a_254, 18.560, 46.693, 28.134, 39.989
s2801a_255, 24.582, 31.958, 7.376, 29.721
s2801a_256, 10.196, 55.596, 45.399, 45.273
s2801a_257, 8.802, 59.398, 50.596, 47.711
s2801a_258, 11.466, 49.512, 38.046, 40.842
s2801a_259, 49.991, 5.703, -44.288, 14.235
s2801a_26, 5.141, 59.649, 54.508, 47.216
s2801a_260, 12.492, 56.173, 43.681, 45.966
s2801a_261, 24.711, 36.798, 12.087, 33.514
s2801a_262, 13.943, 58.709, 44.766, 48.106
s2801a_263, 17.688, 61.057, 43.370, 50.849
s2801a_264, 10.122, 56.909, 46.787, 46.106
s2801a_265, 11.256, 56.412, 45.156, 45.979
s2801a_266, 12.579, 53.948, 41.369, 44.262
s2801a_267, 17.416, 58.486, 41.070, 48.650
s2801a_268, 12.676, 58.912, 46.236, 48.103
s2801a_269, 34.117, 12.700, -21.417, 16.580
s2801a_27, 13.846, 24.322, 10.476, 21.720
s2801a_270, 11.906, 53.888, 41.982, 44.082
s2801a_271, 10.689, 59.462, 48.773, 48.125
s2801a_272, 33.499, 21.200, -12.299, 23.088
s2801a_273, 14.456, 63.735, 49.279, 52.292
s2801a_274, 25.161, 28.449, 3.288, 27.100
s2801a_275, 10.445, 61.887, 51.441, 50.137
s2801a_276, 1.292, 58.026, 56.734, 45.421
s2801a_277, 72.411, -3.736, -76.147, 11.219
s2801a_278, 14.615, 48.715, 34.099, 40.831
s2801a_279, 11.738, 57.471, 45.733, 46.887
s2801a_28, 2.818, 62.232, 59.414, 48.921
s2801a_280, 3.715, 58.378, 54.663, 46.141
s2801a_281, 14.323, 54.275, 39.952, 44.840
s2801a_282, 25.128, 22.800, -2.327, 22.713
s2801a_283, 55.882, 6.863, -49.019, 16.268
s2801a_284, 9.955, 60.065, 50.110, 48.482
s2801a_285, 41.798, 16.751, -25.047, 21.243
s2801a_286, 12.256, 64.044, 51.788, 52.228
s2801a_287, 38.406, 16.482, -21.924, 20.379
s2801a_288, 41.932, -1.582, -43.514, 6.970
s2801a_289, 20.676, 39.261, 18.585, 34.617
s2801a_29, 9.064, 57.569, 48.506, 46.470
s2801a_290, 14.363, 59.819, 45.455, 49.096
s2801a_291, 12.626, 43.544, 30.917, 36.408
s2801a_292, 21.659, 42.833, 21.174, 37.572
s2801a_293, 21.372, 36.570, 15.199, 32.638
s2801a_294, 14.885, 60.250, 45.365, 49.592
s2801a_295, 22.230, 43.453, 21.223, 38.152
s2801a_296, 11.398, 64.189, 52.791, 51.981
s2801a_297, 6.396, 62.199, 55.804, 49.393
s2801a_298, 50.159, 10.257, -39.903, 17.800
s2801a_299, 7.069, 60.877, 53.807, 48.784
s2801a_3, 9.059, 56.813, 47.754, 45.834
s2801a_30, 9.680, 55.776, 46.096, 45.064
s2801a_300, 32.383, 20.016, -12.368, 21.945
s2801a_301, 10.503, 60.917, 50.413, 49.299
s2801a_302, 12.090, 60.858, 48.768, 49.563
s2801a_303, 2.031, 58.899, 56.867, 46.207
s2801a_304, 11.832, 61.161, 49.328, 49.611
s2801a_31, 14.482, 61.844, 47.362, 50.666
s2801a_32, 27.903, 23.985, -3.918, 24.167
s2801a_33, 28.146, 18.970, -9.176, 20.330
s2801a_34, 27.106, 20.649, -6.457, 21.387
s2801a_35, 7.115, 59.946, 52.831, 47.788
s2801a_36, 18.844, 42.188, 23.343, 36.545
s2801a_37, 11.918, 57.761, 45.843, 47.026
s2801a_38, 19.245, 29.142, 9.897, 26.494
s2801a_39, 7.945, 58.390, 50.446, 46.825
s2801a_4, 14.147, 52.075, 37.928, 43.298
s2801a_40, 18.261, 37.289, 19.028, 32.621
s2801a_41, 29.974, 17.089, -12.886, 19.220
s2801a_42, 17.775, 44.145, 26.370, 37.854
s2801a_43, 8.599, 58.638, 50.040, 47.273
s2801a_44, 17.273, 53.130, 35.857, 44.684
s2801a_45, 13.130, 56.799, 43.670, 46.791
s2801a_46, 25.301, 26.208, 0.907, 25.383
s2801a_47, 12.846, 59.449, 46.603, 48.754
s2801a_48, 14.059, 55.511, 41.451, 45.880
s2801a_49, 14.125, 59.636, 45.511, 48.908
s2801a_5, 9.349, 59.215, 49.866, 47.663
s2801a_50, 13.463, 61.368, 47.905, 50.147
s2801a_51, 27.023, 25.286, -1.737, 25.012
s2801a_52, 15.315, 61.840, 46.524, 50.843
s2801a_53, 12.695, 61.144, 48.448, 49.875
s2801a_54, 36.277, 2.843, -33.434, 9.314
s2801a_55, 31.300, 29.197, -2.104, 28.863
s2801a_56, 11.650, 60.714, 49.065, 49.436
s2801a_57, 11.617, 55.785, 44.168, 45.546
s2801a_58, 10.500, 59.974, 49.473, 48.545
s2801a_59, 23.514, 43.836, 20.322, 38.710
s2801a_6, 6.026, 60.969, 54.943, 48.533
s2801a_60, 21.962, 47.948, 25.986, 41.628
s2801a_61, 32.417, 25.903, -6.513, 26.546
s2801a_62, 15.419, 59.997, 44.579, 49.512
s2801a_63, 9.571, 67.285, 57.714, 54.213
s2801a_64, 8.137, 47.341, 39.204, 38.485
s2801a_65, 5.479, 56.205, 50.726, 44.811
s2801a_66, 15.278, 63.358, 48.081, 52.008
s2801a_67, 31.596, 11.738, -19.857, 15.347
s2801a_68, 23.263, 38.506, 15.243, 34.546
s2801a_69, 40.313, 10.466, -29.847, 16.041
s2801a_7, 56.329, 6.952, -49.378, 16.432
s2801a_70, 21.745, 46.971, 25.227, 40.795
s2801a_71, 13.272, 61.409, 48.138, 50.126
s2801a_72, 12.033, 57.582, 45.548, 46.982
s2801a_73, 8.741, 59.453, 50.712, 47.815
s2801a_74, 28.020, 35.505, 7.486, 33.133
s2801a_75, 8.519, 63.372, 54.853, 50.988
s2801a_76, 8.663, 61.179, 52.516, 49.195
s2801a_77, 41.746, 16.037, -25.709, 20.673
s2801a_78, 10.951, 58.732, 47.781, 47.660
s2801a_79, 50.167, 11.071, -39.096, 18.439
s2801a_8, 9.838, 63.559, 53.721, 51.286
s2801a_80, 30.990, 22.980, -8.010, 23.967
s2801a_81, 7.682, 62.014, 54.332, 49.763
s2801a_82, 22.572, 55.830, 33.258, 47.814
s2801a_83, 34.696, 14.080, -20.616, 17.772
s2801a_84, 33.185, 7.699, -25.486, 12.517
s2801a_85, 33.602, 14.144, -19.458, 17.628
s2801a_86, 18.056, 42.094, 24.038, 36.309
s2801a_87, 23.994, 21.261, -2.733, 21.285
s2801a_88, 68.051, -2.702, -70.753, 11.196
s2801a_89, 24.224, 31.624, 7.399, 29.407
s2801a_9, 3.445, 60.140, 56.695, 47.463
s2801a_90, 15.128, 62.668, 47.540, 51.524
s2801a_91, 49.298, 16.749, -32.549, 22.671
s2801a_92, 8.142, 58.121, 49.978, 46.620
s2801a_93, 26.279, 20.496, -5.783, 21.130
s2801a_94, 9.624, 57.806, 48.182, 46.764
s2801a_95, 32.283, 22.012, -10.271, 23.478
s2801a_96, 11.395, 60.376, 48.981, 48.928
s2801a_97, 22.879, 37.486, 14.606, 33.668
s2801a_98, 17.012, 21.956, 4.944, 20.479
s2801a_99, 12.693, 57.360, 44.667, 46.892
s2801b_0, 14.142, 57.893, 43.751, 47.668
s2801b_1, 51.014, 12.283, -38.731, 19.534
s2801b_10, 18.371, 55.169, 36.798, 46.350
s2801b_100, 25.350, 25.529, 0.179, 24.877
s2801b_101, 31.280, 7.781, -23.499, 12.213
s2801b_102, 21.836, 24.524, 2.687, 23.422
s2801b_103, 13.821, 58.749, 44.928, 48.403
s2801b_104, 39.021, 22.288, -16.733, 24.987
s2801b_105, 17.272, 59.982, 42.710, 49.796
s2801b_106, 33.344, 26.367, -6.976, 27.068
s2801b_107, 40.831, 15.474, -25.358, 20.063
s2801b_108, 13.355, 52.745, 39.389, 43.566
s2801b_109, 33.344, -2.375, -35.719, 4.647
s2801b_11, 35.985, 11.637, -24.349, 16.118
s2801b_110, 14.657, 62.778, 48.121, 51.602
s2801b_111, 10.835, 56.573, 45.737, 45.985
s2801b_112, 10.654, 55.674, 45.020, 45.189
s2801b_113, 27.345, 18.028, -9.316, 19.397
s2801b_114, 14.112, 56.318, 42.206, 46.496
s2801b_115, 15.343, 59.537, 44.194, 49.111
s2801b_116, 46.452, 21.487, -24.966, 25.811
s2801b_117, 50.728, 7.172, -43.556, 15.517
s2801b_118, 19.762, 18.957, -0.805, 18.683
s2801b_119, 26.424, 32.153, 5.728, 30.229
s2801b_12, 36.785, 36.112, -0.673, 35.294
s2801b_120, 31.899, -1.866, -33.765, 4.764
s2801b_121, 20.701, 43.804, 23.103, 38.133
s2801b_122, 7.658, 61.578, 53.920, 49.309
s2801b_123, 30.997, 17.720, -13.277, 19.887
s2801b_124, 11.381, 58.268, 46.887, 47.346
s2801b_125, 43.541, 11.921, -31.619, 17.825
s2801b_126, 42.505, 16.244, -26.261, 20.979
s2801b_127, 13.474, 62.163, 48.689, 50.910
s2801b_128, 32.108, 40.123, 8.016, 37.500
s2801b_129, 33.699, 21.885, -11.814, 23.647
s2801b_13, 17.934, 60.440, 42.506, 50.212
s2801b_130, 26.072, 12.624, -13.448, 14.973
s2801b_131, 12.050, 58.738, 46.688, 47.980
s2801b_132, 13.607, 56.942, 43.335, 46.963
s2801b_133, 17.720, 26.375, 8.655, 24.060
s2801b_134, 24.149, 30.291, 6.142, 28.333
s2801b_135, 11.680, 54.832, 43.151, 44.831
s2801b_136, 43.806, 12.413, -31.393, 18.229
s2801b_137, 40.954, 15.627, -25.327, 20.217
s2801b_138, 50.650, 6.136, -44.514, 14.705
s2801b_139, 9.768, 59.964, 50.195, 48.574
s2801b_14, 12.414, 58.427, 46.013, 47.789
s2801b_140, 17.802, 30.285, 12.483, 27.090
s2801b_141, 23.640, 34.906, 11.266, 31.808
s2801b_142, 31.899, -1.866, -33.765, 4.764
s2801b_143, 4.955, 57.523, 52.568, 45.539
s2801b_144, 23.829, 39.976, 16.147, 35.795
s2801b_145, 9.185, 63.154, 53.968, 50.701
s2801b_146, 37.874, 20.548, -17.326, 23.414
s2801b_147, 46.461, 16.051, -30.410, 21.610
s2801b_148, 26.808, 37.256, 10.448, 34.235
s2801b_149, 11.031, 59.648, 48.617, 48.325
s2801b_15, 15.180, 61.655, 46.475, 50.635
s2801b_150, 13.657, 59.648, 45.992, 48.929
s2801b_151, 9.950, 57.754, 47.804, 46.630
s2801b_152, 39.020, 25.202, -13.818, 27.256
s2801b_153, 12.559, 53.617, 41.059, 44.217
s2801b_154, 19.856, 21.945, 2.089, 21.022
s2801b_155, 12.794, 61.743, 48.950, 50.270
s2801b_156, 8.680, 60.933, 52.253, 48.961
s2801b_157, 31.965, 12.313, -19.653, 15.871
s2801b_158, 24.142, 45.710, 21.569, 40.281
s2801b_159, 48.172, 16.222, -31.950, 22.051
s2801b_16, 15.741, 63.459, 47.718, 52.342
s2801b_160, 12.732, 60.898, 48.166, 49.621
s2801b_161, 11.447, 60.435, 48.988, 49.041
s2801b_162, 38.341, 11.457, -26.884, 16.452
s2801b_163, 11.888, 59.725, 47.838, 48.550
s2801b_164, 10.381, 61.936, 51.555, 50.057
s2801b_165, 26.165, 35.852, 9.687, 33.021
s2801b_166, 10.841, 60.739, 49.899, 49.092
s2801b_167, 10.720, 53.319, 42.599, 43.379
s2801b_168, 26.368, 23.798, -2.570, 23.710
s2801b_169, 30.851, 16.990, -13.861, 19.313
s2801b_17, 13.964, 64.660, 50.697, 52.898
s2801b_170, 5.560, 45.083, 39.522, 36.275
s2801b_171, 24.010, 11.601, -12.408, 13.771
s2801b_172, 15.188, 64.311, 49.123, 52.750
s2801b_173, 15.982, 62.739, 46.758, 51.734
s2801b_174, 13.399, 56.102, 42.703, 46.173
s2801b_175, 31.229, 33.249, 2.020, 32.007
s2801b_176, 11.054, 61.628, 50.574, 50.036
s2801b_177, 25.215, 42.918, 17.702, 38.342
s2801b_178, 30.632, 19.241, -11.391, 20.998
s2801b_179, 9.571, 58.434, 48.863, 47.112
s2801b_18, 25.278, 44.319, 19.041, 39.435
s2801b_180, 13.816, 56.664, 42.848, 46.793
s2801b_181, 10.915, 60.874, 49.959, 49.339
s2801b_182, 6.113, 67.052, 60.939, 53.357
s2801b_183, 14.051, 61.947, 47.896, 50.661
s2801b_184, 12.474, 62.351, 49.878, 50.751
s2801b_185, 6.855, 58.506, 51.652, 46.661
s2801b_186, 7.150, 53.657, 46.507, 43.109
s2801b_187, 9.068, 63.105, 54.037, 50.656
s2801b_188, 6.588, 61.390, 54.801, 48.959
s2801b_189, 15.081, 23.647, 8.566, 21.415
s2801b_19, 34.463, 22.954, -11.509, 24.626
s2801b_190, 8.983, 58.382, 49.399, 47.087
s2801b_191, 8.490, 58.735, 50.244, 47.330
s2801b_192, 15.101, 59.037, 43.936, 48.703
s2801b_193, 32.710, 18.056, -14.654, 20.478
s2801b_194, 40.582, 11.029, -29.553, 16.537
s2801b_195, 16.444, 58.458, 42.015, 48.498
s2801b_196, 14.428, 18.757, 4.328, 17.475
s2801b_197, 16.085, 48.234, 32.149, 40.695
s2801b_198, 10.238, 59.446, 49.208, 48.090
s2801b_199, 10.816, 55.998, 45.182, 45.552
s2801b_2, 13.181, 61.920, 48.739, 50.618
s2801b_20, 34.948, 17.262, -17.685, 20.298
s2801b_200, 15.115, 58.665, 43.550, 48.288
s2801b_201, 14.268, 54.845, 40.577, 45.389
s2801b_202, 15.136, 56.765, 41.628, 47.006
s2801b_203, 15.584, 59.951, 44.366, 49.449
s2801b_204, 10.454, 60.298, 49.844, 48.833
s2801b_205, 17.735, 21.527, 3.792, 20.295
s2801b_206, 29.607, 27.864, -1.742, 27.530
s2801b_207, 21.681, 37.462, 15.781, 33.424
s2801b_208, 8.137, 58.311, 50.174, 46.750
s2801b_209, 8.494, 57.928, 49.434, 46.732
s2801b_21, 18.316, 52.986, 34.670, 44.777
s2801b_210, 21.143, 16.139, -5.004, 16.758
s2801b_211, 11.749, 56.478, 44.729, 46.078
s2801b_212, 32.196, 26.326, -5.869, 26.832
s2801b_213, 8.934, 59.255, 50.321, 47.665
s2801b_214, 19.272, 58.737, 39.465, 49.347
s2801b_215, 54.949, 11.845, -43.104, 19.964
s2801b_216, 27.369, 40.985, 13.616, 37.251
s2801b_217, 26.304, 39.873, 13.570, 36.200
s2801b_218, 17.808, 61.652, 43.844, 51.300
s2801b_219, 31.023, 24.939, -6.084, 25.495
s2801b_22, 12.092, 58.851, 46.760, 47.910
s2801b_220, 16.232, 58.581, 42.350, 48.510
s2801b_221, 15.668, 57.523, 41.855, 47.574
s2801b_222, 17.710, 62.035, 44.325, 51.523
s2801b_223, 20.943, 51.019, 30.076, 43.784
s2801b_224, 27.049, 43.301, 16.252, 38.978
s2801b_225, 6.904, 61.371, 54.467, 48.931
s2801b_226, 32.241, 23.154, -9.087, 24.359
s2801b_227, 14.959, 60.944, 45.986, 50.130
s2801b_228, 24.701, 42.752, 18.051, 38.111
s2801b_229, 13.117, 62.597, 49.480, 51.017
s2801b_23, 71.075, -2.981, -74.056, 11.558
s2801b_230, 31.891, 31.002, -0.889, 30.409
s2801b_231, 11.033, 62.580, 51.547, 50.636
s2801b_232, 11.180, 63.417, 52.236, 51.266
s2801b_233, 40.038, 7.525, -32.513, 13.713
s2801b_234, 13.211, 58.013, 44.803, 47.592
s2801b_235, 36.015, 31.872, -4.143, 31.871
s2801b_236, 14.063, 61.676, 47.613, 50.476
s2801b_237, 14.510, 34.064, 19.554, 29.421
s2801b_238, 13.755, 57.313, 43.559, 47.003
s2801b_239, 16.611, 56.024, 39.413, 46.691
s2801b_24, 12.302, 59.735, 47.432, 48.793
s2801b_240, 67.902, 1.554, -66.348, 14.473
s2801b_241, 12.029, 61.946, 49.917, 50.394
s2801b_242, 14.318, 60.294, 45.976, 49.607
s2801b_243, 39.277, 16.469, -22.808, 20.543
s2801b_244, 14.431, 57.895, 43.464, 47.687
s2801b_245, 8.356, 42.590, 34.234, 34.825
s2801b_246, 13.526, 60.338, 46.812, 49.300
s2801b_247, 13.208, 61.094, 47.886, 49.971
s2801b_248, 44.707, 20.290, -24.417, 24.552
s2801b_249, 14.530, 61.817, 47.287, 50.608
s2801b_25, 9.345, 61.587, 52.242, 49.550
s2801b_250, 21.656, 42.347, 20.691, 37.206
s2801b_26, 9.276, 52.593, 43.317, 42.575
s2801b_27, 13.533, 54.156, 40.623, 44.619
s2801b_28, 14.013, 60.425, 46.412, 49.733
s2801b_29, 15.978, 31.247, 15.269, 27.502
s2801b_3, 18.865, 62.586, 43.721, 52.093
s2801b_30, 13.497, 63.541, 50.044, 52.024
s2801b_31, 59.765, 11.287, -48.478, 20.468
s2801b_32, 10.976, 60.909, 49.933, 49.373
s2801b_33, 21.332, 45.052, 23.720, 39.250
s2801b_34, 11.789, 52.101, 40.311, 42.685
s2801b_35, 38.100, 16.807, -21.293, 20.555
s2801b_36, 15.381, 56.450, 41.068, 46.718
s2801b_37, 41.523, 15.882, -25.641, 20.506
s2801b_38, 33.820, 21.135, -12.685, 23.086
s2801b_39, 13.090, 58.195, 45.105, 47.776
s2801b_4, 16.689, 61.615, 44.926, 51.106
s2801b_40, 7.689, 56.036, 48.347, 45.038
s2801b_41, 11.381, 62.079, 50.698, 50.215
s2801b_42, 14.451, 65.632, 51.181, 53.786
s2801b_43, 17.466, 54.715, 37.249, 45.992
s2801b_44, 29.269, 23.120, -6.149, 23.757
s2801b_45, 7.474, 44.309, 36.835, 35.941
s2801b_46, 45.749, 12.266, -33.483, 18.491
s2801b_47, 10.195, 57.467, 47.272, 46.612
s2801b_48, 8.992, 63.197, 54.205, 50.902
s2801b_49, 14.321, 59.949, 45.628, 49.255
s2801b_5, 34.544, 31.420, -3.124, 31.199
s2801b_50, 37.868, 17.726, -20.141, 21.227
s2801b_51, 14.146, 62.333, 48.187, 50.987
s2801b_52, 9.160, 65.360, 56.199, 52.526
s2801b_53, 12.772, 64.297, 51.524, 52.340
s2801b_54, 34.959, 22.102, -12.856, 24.049
s2801b_55, 12.816, 59.548, 46.732, 48.633
s2801b_56, 14.554, 60.935, 46.381, 49.928
s2801b_57, 13.831, 61.962, 48.130, 50.737
s2801b_58, 10.749, 60.553, 49.804, 49.037
s2801b_59, 44.227, 24.934, -19.293, 28.084
s2801b_6, 11.879, 62.742, 50.862, 50.985
s2801b_60, 30.904, 13.811, -17.093, 16.833
s2801b_61, 24.521, 21.497, -3.024, 21.583
s2801b_62, 9.659, 62.155, 52.497, 50.081
s2801b_63, 39.213, 11.343, -27.870, 16.525
s2801b_64, 13.431, 58.168, 44.738, 47.739
s2801b_65, 8.266, 61.336, 53.071, 49.154
s2801b_66, 15.971, 45.564, 29.593, 38.631
s2801b_67, 31.642, 10.617, -21.026, 14.491
s2801b_68, 21.989, 25.329, 3.340, 24.081
s2801b_69, 25.149, 14.550, -10.599, 16.286
s2801b_7, 32.921, 41.904, 8.982, 39.039
s2801b_70, 14.618, 42.145, 27.526, 35.703
s2801b_71, 19.827, 45.626, 25.799, 39.392
s2801b_72, 26.164, 42.950, 16.786, 38.540
s2801b_73, 9.988, 62.607, 52.619, 50.520
s2801b_74, 14.802, 56.639, 41.836, 46.942
s2801b_75, 42.082, 7.002, -35.080, 13.726
s2801b_76, 50.949, 7.283, -43.665, 15.649
s2801b_77, 62.247, 1.379, -60.868, 13.229
s2801b_78, 63.315, 1.686, -61.629, 13.698
s2801b_79, 26.485, 15.947, -10.538, 17.626
s2801b_8, 13.560, 63.883, 50.323, 52.144
s2801b_80, 30.277, 6.611, -23.666, 11.088
s2801b_81, 5.446, 55.654, 50.208, 44.263
s2801b_82, 44.704, 12.310, -32.394, 18.334
s2801b_83, 31.243, 14.379, -16.864, 17.355
s2801b_84, 26.887, 11.679, -15.209, 14.380
s2801b_85, 0.132, 58.981, 58.849, 45.810
s2801b_86, 32.422, 22.932, -9.490, 24.208
s2801b_87, 6.717, 56.675, 49.958, 45.400
s2801b_88, 57.110, 6.307, -50.803, 16.081
s2801b_89, 7.880, 57.039, 49.159, 45.747
s2801b_9, 12.363, 63.284, 50.920, 51.482
s2801b_90, 31.757, 16.563, -15.194, 19.148
s2801b_91, 24.712, 29.722, 5.010, 28.010
s2801b_92, 21.890, 18.538, -3.351, 18.776
s2801b_93, 12.524, 60.195, 47.671, 48.993
s2801b_94, 35.928, 27.751, -8.177, 28.614
s2801b_95, 19.200, 40.767, 21.566, 35.513
s2801b_96, 34.583, 7.255, -27.328, 12.459
s2801b_97, 17.355, 59.972, 42.616, 49.988
s2801b_98, 7.621, 49.995, 42.374, 40.328
s2801b_99, 12.188, 62.033, 49.845, 50.557
s2802a_0, 6.534, 56.743, 50.209, 45.322
s2802a_1, 18.572, 58.738, 40.166, 49.290
s2802a_10, 18.428, 39.218, 20.790, 34.169
s2802a_100, 16.954, 61.935, 44.981, 51.426
s2802a_101, 10.941, 58.849, 47.908, 47.756
s2802a_102, 15.398, 62.544, 47.147, 51.624
s2802a_103, 18.452, 35.731, 17.279, 31.457
s2802a_104, 41.388, 21.415, -19.974, 24.776
s2802a_105, 4.984, 56.892, 51.908, 45.087
s2802a_106, 37.714, 12.474, -25.240, 17.116
s2802a_107, 44.778, 16.444, -28.335, 21.579
s2802a_108, 11.560, 59.410, 47.850, 48.217
s2802a_109, 10.698, 59.717, 49.020, 48.376
s2802a_11, 12.350, 60.647, 48.297, 49.314
s2802a_110, 8.560, 59.029, 50.468, 47.485
s2802a_111, 31.894, 21.091, -10.803, 22.687
s2802a_112, 9.765, 58.808, 49.043, 47.525
s2802a_113, 30.342, 21.918, -8.425, 23.028
s2802a_114, 13.722, 65.748, 52.026, 53.772
s2802a_115, 12.918, 59.110, 46.193, 48.238
s2802a_116, 15.864, 57.786, 41.922, 47.786
s2802a_117, 11.704, 59.209, 47.505, 48.129
s2802a_118, 9.550, 46.178, 36.628, 37.872
s2802a_119, 23.536, 46.699, 23.162, 40.926
s2802a_12, 14.249, 55.809, 41.560, 46.049
s2802a_120, 34.517, 17.750, -16.767, 20.594
s2802a_121, 11.319, 55.543, 44.224, 45.170
s2802a_122, 13.452, 47.090, 33.639, 39.310
s2802a_123, 23.886, 41.715, 17.829, 37.150
s2802a_124, 13.378, 20.139, 6.760, 18.373
s2802a_125, 28.967, 22.659, -6.308, 23.329
s2802a_126, 28.854, 20.132, -8.722, 21.351
s2802a_127, 5.990, 59.450, 53.460, 47.330
s2802a_128, 8.275, 58.605, 50.331, 47.049
s2802a_129, 12.949, 47.172, 34.224, 39.194
s2802a_13, 21.529, 16.039, -5.490, 16.761
s2802a_130, 7.547, 60.962, 53.415, 48.884
s2802a_131, 7.363, 54.660, 47.297, 44.025
s2802a_132, 16.028, 36.767, 20.739, 31.792
s2802a_133, 17.096, 61.740, 44.644, 51.088
s2802a_134, 8.919, 59.963, 51.044, 48.161
s2802a_135, 10.070, 58.033, 47.963, 46.920
s2802a_136, 46.531, 7.333, -39.198, 14.832
s2802a_137, 16.441, 48.488, 32.047, 40.991
s2802a_138, 14.713, 54.537, 39.824, 45.185
s2802a_139, 25.704, 33.605, 7.901, 31.176
s2802a_14, 21.320, 20.894, -0.426, 20.495
s2802a_140, 31.555, 21.978, -9.577, 23.295
s2802a_141, 32.673, 27.152, -5.521, 27.538
s2802a_142, 16.452, 61.099, 44.647, 50.601
s2802a_143, 12.774, 60.620, 47.845, 49.418
s2802a_144, 47.764, 11.539, -36.226, 18.339
s2802a_145, 13.044, 58.639, 45.594, 48.050
s2802a_146, 12.541, 59.869, 47.328, 48.747
s2802a_147, 14.375, 60.062, 45.687, 49.293
s2802a_148, 37.619, 25.869, -11.750, 27.498
s2802a_149, 25.813, 36.282, 10.468, 33.322
s2802a_15, 6.658, 59.071, 52.413, 47.242
s2802a_150, 28.696, 32.018, 3.322, 30.562
s2802a_151, 12.953, 20.346, 7.393, 18.437
s2802a_152, 11.559, 56.684, 45.125, 46.134
s2802a_153, 12.431, 60.047, 47.616, 48.882
s2802a_154, 43.043, 12.352, -30.691, 18.059
s2802a_155, 11.616, 59.805, 48.190, 48.649
s2802a_156, 5.526, 59.676, 54.151, 47.362
s2802a_157, 2.367, 63.853, 61.486, 49.963
s2802a_158, 11.344, 58.737, 47.393, 47.665
s2802a_159, 11.334, 58.156, 46.821, 47.278
s2802a_16, 28.434, 25.957, -2.476, 25.807
s2802a_160, 36.402, 21.967, -14.435, 24.242
s2802a_161, 14.179, 59.942, 45.762, 49.204
s2802a_162, 13.551, 60.050, 46.499, 49.109
s2802a_163, 19.110, 42.002, 22.893, 36.430
s2802a_164, 49.173, 17.461, -31.713, 23.211
s2802a_165, 8.113, 51.595, 43.483, 41.658
s2802a_166, 28.389, 18.702, -9.687, 20.147
s2802a_167, 10.721, 57.535, 46.814, 46.824
s2802a_168, 23.393, 19.061, -4.331, 19.443
s2802a_169, 13.103, 58.678, 45.575, 48.053
s2802a_17, 38.617, 19.616, -19.001, 22.826
s2802a_170, 15.699, 55.947, 40.248, 46.492
s2802a_171, 18.863, 41.309, 22.446, 35.883
s2802a_172, 5.816, 61.190, 55.374, 48.577
s2802a_173, 9.547, 60.291, 50.744, 48.623
s2802a_174, 19.990, 22.447, 2.457, 21.436
s2802a_175, 43.263, 7.640, -35.624, 14.446
s2802a_176, 13.957, 57.764, 43.807, 47.461
s2802a_177, 11.422, 53.563, 42.141, 43.920
s2802a_178, 10.880, 54.979, 44.099, 44.872
s2802a_179, 26.902, 36.997, 10.095, 34.070
s2802a_18, 9.099, 57.272, 48.173, 46.150
s2802a_180, 46.170, 21.833, -24.338, 26.016
s2802a_181, 13.416, 58.311, 44.894, 47.777
s2802a_182, 14.284, 56.528, 42.244, 46.778
s2802a_183, 66.286, 1.666, -64.620, 14.242
s2802a_184, 4.752, 57.323, 52.571, 45.379
s2802a_185, 38.460, 17.377, -21.083, 21.079
s2802a_186, 11.174, 62.540, 51.366, 50.658
s2802a_187, 11.944, 55.995, 44.051, 45.746
s2802a_188, 15.338, 29.643, 14.305, 26.128
s2802a_189, 31.496, 17.260, -14.236, 19.615
s2802a_19, 11.231, 59.626, 48.396, 48.401
s2802a_190, 14.665, 32.703, 18.039, 28.409
s2802a_191, 8.111, 56.521, 48.409, 45.583
s2802a_192, 13.989, 60.560, 46.570, 49.577
s2802a_193, 9.272, 57.983, 48.711, 46.755
s2802a_194, 32.992, 17.020, -15.973, 19.750
s2802a_195, 5.480, 58.034, 52.553, 46.085
s2802a_196, 16.539, 58.642, 42.103, 48.682
s2802a_197, 9.403, 62.010, 52.607, 49.928
s2802a_198, 26.798, 42.711, 15.913, 38.479
s2802a_199, 14.602, 58.700, 44.097, 48.306
s2802a_2, 9.637, 62.874, 53.238, 50.642
s2802a_20, 10.760, 56.028, 45.267, 45.661
s2802a_200, 18.946, 54.939, 35.993, 46.338
s2802a_201, 42.328, 7.478, -34.850, 14.111
s2802a_202, 11.018, 62.499, 51.481, 50.665
s2802a_203, 31.397, 31.670, 0.273, 30.802
s2802a_204, 56.072, 6.968, -49.104, 16.413
s2802a_205, 10.838, 55.590, 44.753, 45.189
s2802a_206, 13.933, 57.625, 43.691, 47.547
s2802a_207, 6.222, 59.201, 52.980, 47.095
s2802a_208, 15.221, 63.032, 47.811, 51.842
s2802a_209, 3.839, 57.158, 53.320, 45.031
s2802a_21, 14.813, 26.739, 11.925, 23.789
s2802a_210, 17.888, 12.992, -4.897, 13.636
s2802a_211, 16.173, 20.277, 4.104, 19.003
s2802a_212, 0.997, 61.265, 60.268, 47.898
s2802a_213, 0.174, 55.761, 55.586, 43.261
s2802a_214, 25.303, 27.627, 2.324, 26.477
s2802a_215, 7.708, 61.524, 53.817, 49.234
s2802a_216, 7.872, 59.337, 51.465, 47.525
s2802a_217, 34.019, 35.942, 1.923, 34.607
s2802a_218, 9.923, 57.993, 48.070, 46.822
s2802a_219, 11.460, 64.154, 52.695, 52.126
s2802a_22, 25.051, 24.565, -0.486, 24.063
s2802a_220, 10.462, 56.262, 45.800, 45.591
s2802a_221, 16.101, 61.004, 44.904, 50.429
s2802a_222, 11.519, 61.498, 49.980, 49.980
s2802a_223, 10.931, 60.619, 49.688, 49.142
s2802a_224, 33.497, 35.320, 1.824, 34.033
s2802a_225, 17.760, 58.664, 40.904, 48.841
s2802a_226, 8.779, 56.674, 47.895, 45.620
s2802a_227, 43.477, 10.910, -32.567, 17.016
s2802a_228, 9.089, 62.597, 53.507, 50.479
s2802a_229, 11.048, 56.913, 45.865, 46.271
s2802a_23, 9.569, 46.675, 37.106, 38.049
s2802a_230, 12.983, 42.727, 29.745, 35.831
s2802a_231, 22.709, 30.161, 7.452, 27.942
s2802a_232, 15.581, 59.873, 44.291, 49.379
s2802a_233, 7.685, 50.763, 43.078, 40.998
s2802a_234, 15.841, 61.294, 45.453, 50.594
s2802a_235, 13.162, 59.070, 45.907, 48.413
s2802a_236, 21.533, 35.419, 13.886, 31.808
s2802a_237, 0.392, 61.859, 61.467, 48.226
s2802a_238, 70.335, 1.313, -69.022, 14.750
s2802a_239, 14.253, 56.441, 42.187, 46.704
s2802a_24, 17.910, 24.847, 6.936, 22.863
s2802a_240, 10.683, 61.755, 51.072, 50.002
s2802a_241, 12.232, 59.371, 47.139, 48.303
s2802a_242, 8.855, 58.695, 49.839, 47.167
s2802a_243, 8.849, 58.778, 49.929, 47.204
s2802a_244, 14.865, 58.899, 44.034, 48.460
s2802a_245, 28.793, 16.029, -12.763, 18.145
s2802a_246, 9.375, 60.823, 51.448, 49.115
s2802a_247, 24.433, 35.248, 10.815, 32.215
s2802a_248, 14.610, 60.384, 45.774, 49.555
s2802a_249, 10.464, 60.719, 50.254, 49.035
s2802a_25, 22.173, 26.483, 4.310, 24.985
s2802a_250, 31.137, 34.459, 3.323, 32.927
s2802a_251, 55.397, 1.643, -53.754, 12.109
s2802a_252, 12.255, 58.005, 45.750, 47.383
s2802a_253, 6.527, 59.650, 53.123, 47.472
s2802a_254, 14.992, 58.453, 43.461, 48.250
s2802a_255, 59.912, 6.498, -53.413, 16.781
s2802a_256, 10.842, 57.293, 46.451, 46.507
s2802a_257, 7.892, 61.062, 53.170, 48.814
s2802a_258, 46.589, 17.252, -29.337, 22.558
s2802a_259, 49.685, 11.362, -38.323, 18.576
s2802a_26, 13.941, 58.631, 44.690, 48.065
s2802a_260, 25.513, 24.219, -1.295, 23.891
s2802a_261, 7.243, 57.991, 50.748, 46.382
s2802a_262, 12.995, 61.054, 48.059, 49.912
s2802a_263, 39.066, 14.509, -24.557, 18.959
s2802a_264, 27.599, 25.723, -1.876, 25.453
s2802a_265, 11.607, 60.875, 49.268, 49.334
s2802a_266, 11.938, 45.755, 33.817, 37.993
s2802a_267, 7.716, 58.035, 50.319, 46.442
s2802a_268, 3.485, 56.866, 53.382, 44.819
s2802a_269, 1.718, 32.144, 30.426, 25.425
s2802a_27, 8.852, 61.717, 52.865, 49.711
s2802a_270, 34.201, 17.557, -16.644, 20.396
s2802a_271, 21.223, 23.919, 2.696, 22.837
s2802a_272, 25.494, 39.386, 13.893, 35.650
s2802a_273, 11.469, 61.999, 50.531, 50.301
s2802a_274, 11.472, 28.328, 16.856, 24.359
s2802a_275, 13.168, 60.198, 47.030, 49.160
s2802a_276, 8.125, 45.537, 37.412, 37.094
s2802a_277, 11.286, 60.380, 49.095, 48.959
s2802a_278, 14.328, 60.200, 45.871, 49.448
s2802a_279, 1.907, 46.947, 45.040, 36.956
s2802a_28, 12.296, 58.143, 45.847, 47.535
s2802a_280, 20.316, 62.084, 41.767, 52.223
s2802a_281, 11.392, 45.359, 33.967, 37.495
s2802a_282, 14.419, 62.981, 48.562, 51.774
s2802a_283, 1.894, 58.823, 56.930, 46.191
s2802a_284, 8.014, 60.823, 52.808, 48.656
s2802a_285, 34.780, 25.889, -8.891, 26.974
s2802a_286, 19.273, 17.041, -2.232, 17.077
s2802a_287, 9.256, 59.256, 50.001, 47.853
s2802a_288, 15.837, 62.539, 46.703, 51.505
s2802a_289, 28.198, 29.345, 1.146, 28.387
s2802a_29, 14.929, 64.750, 49.821, 53.146
s2802a_290, 31.782, 8.828, -22.954, 13.115
s2802a_291, 47.317, 2.593, -44.724, 11.308
s2802a_292, 29.726, 35.153, 5.427, 33.185
s2802a_293, 8.764, 57.864, 49.101, 46.689
s2802a_294, 10.174, 59.613, 49.439, 48.184
s2802a_295, 7.495, 52.008, 44.513, 41.830
s2802a_296, 12.526, 60.239, 47.712, 49.050
s2802a_3, 11.145, 56.199, 45.054, 45.682
s2802a_30, 25.169, 12.990, -12.179, 15.061
s2802a_31, 13.475, 59.462, 45.987, 48.608
s2802a_32, 11.466, 62.366, 50.901, 50.482
s2802a_33, 66.250, 1.495, -64.755, 14.124
s2802a_34, 8.864, 59.246, 50.381, 47.620
s2802a_35, 7.196, 53.273, 46.077, 42.816
s2802a_36, 11.767, 61.443, 49.676, 49.817
s2802a_37, 10.640, 61.481, 50.841, 49.926
s2802a_38, 47.268, 7.520, -39.748, 15.140
s2802a_39, 14.989, 27.355, 12.365, 24.311
s2802a_4, 29.771, 20.349, -9.422, 21.719
s2802a_40, 15.956, 45.507, 29.551, 38.574
s2802a_41, 9.970, 58.478, 48.507, 47.277
s2802a_42, 7.257, 59.698, 52.441, 47.664
s2802a_43, 0.580, 54.285, 53.705, 42.258
s2802a_44, 24.349, 25.348, 0.999, 24.548
s2802a_45, 7.045, 58.548, 51.503, 46.725
s2802a_46, 9.219, 59.746, 50.528, 48.103
s2802a_47, 38.544, 22.735, -15.809, 25.272
s2802a_48, 13.127, 53.439, 40.312, 44.008
s2802a_49, 23.286, 18.587, -4.699, 19.104
s2802a_5, 78.562, -4.886, -83.448, 11.523
s2802a_50, 26.673, 25.179, -1.493, 24.883
s2802a_51, 11.661, 58.427, 46.766, 47.601
s2802a_52, 33.014, 35.686, 2.671, 34.252
s2802a_53, 8.680, 58.821, 50.142, 47.301
s2802a_54, 18.096, 20.554, 2.458, 19.598
s2802a_55, 39.700, 7.121, -32.578, 13.336
s2802a_56, 13.058, 51.549, 38.490, 42.671
s2802a_57, 21.410, 38.782, 17.372, 34.393
s2802a_58, 20.669, 58.094, 37.425, 49.200
s2802a_59, 28.735, 39.649, 10.914, 36.483
s2802a_6, 62.719, -2.588, -65.307, 10.255
s2802a_60, 15.775, 58.318, 42.543, 48.455
s2802a_61, 49.417, 11.475, -37.942, 18.613
s2802a_62, 11.163, 60.678, 49.515, 49.211
s2802a_63, 24.773, 43.552, 18.779, 38.744
s2802a_64, 12.752, 64.281, 51.529, 52.446
s2802a_65, 52.144, 6.501, -45.643, 15.275
s2802a_66, 28.783, 37.648, 8.865, 34.944
s2802a_67, 8.137, 60.776, 52.639, 48.637
s2802a_68, 35.590, 17.638, -17.953, 20.717
s2802a_69, 30.321, 12.553, -17.769, 15.763
s2802a_7, 34.378, 12.815, -21.563, 16.720
s2802a_70, 41.085, 10.203, -30.883, 15.981
s2802a_71, 17.244, 60.449, 43.206, 50.120
s2802a_72, 21.588, 20.154, -1.434, 19.925
s2802a_73, 29.401, 39.861, 10.460, 36.771
s2802a_74, 15.511, 57.233, 41.722, 47.461
s2802a_75, 15.300, 15.006, -0.294, 14.701
s2802a_76, 9.755, 44.635, 34.880, 36.686
s2802a_77, 19.943, 56.597, 36.654, 47.886
s2802a_78, 0.038, 63.101, 63.062, 49.067
s2802a_79, 15.264, 58.010, 42.746, 48.093
s2802a_8, 7.056, 59.636, 52.579, 47.699
s2802a_80, 39.549, 11.264, -28.285, 16.533
s2802a_81, 10.171, 63.938, 53.766, 51.567
s2802a_82, 39.672, 11.250, -28.422, 16.544
s2802a_83, 11.395, 61.497, 50.102, 49.876
s2802a_84, 30.328, 6.661, -23.667, 11.153
s2802a_85, 24.935, 21.053, -3.882, 21.315
s2802a_86, 30.755, 21.932, -8.823, 23.093
s2802a_87, 12.589, 60.022, 47.433, 48.912
s2802a_88, 17.072, 61.087, 44.015, 50.766
s2802a_89, 29.081, 10.781, -18.301, 14.109
s2802a_9, 34.804, -2.720, -37.524, 4.664
s2802a_90, 4.054, 57.676, 53.622, 45.613
s2802a_91, 24.391, 46.591, 22.200, 41.015
s2802a_92, 43.723, 21.673, -22.050, 25.440
s2802a_93, 23.228, 43.103, 19.875, 38.123
s2802a_94, 14.714, 59.154, 44.440, 48.615
s2802a_95, 38.242, 12.013, -26.229, 16.854
s2802a_96, 12.886, 62.129, 49.243, 50.670
s2802a_97, 13.049, 61.068, 48.019, 49.804
s2802a_98, 12.018, 61.267, 49.248, 49.725
s2802a_99, 21.625, 35.282, 13.657, 31.714
s2802b_0, 14.266, 60.769, 46.503, 49.775
s2802b_1, 35.649, 31.087, -4.561, 31.179
s2802b_10, 30.872, 14.554, -16.318, 17.376
s2802b_100, 13.737, 61.031, 47.294, 50.063
s2802b_101, 43.553, 12.537, -31.017, 18.307
s2802b_102, 34.017, 22.353, -11.664, 24.089
s2802b_103, 14.999, 60.753, 45.754, 50.191
s2802b_104, 8.141, 64.645, 56.504, 51.689
s2802b_105, 7.389, 43.140, 35.751, 35.102
s2802b_106, 15.398, 66.160, 50.762, 54.379
s2802b_107, 47.476, 16.082, -31.394, 21.794
s2802b_108, 18.783, 31.833, 13.050, 28.499
s2802b_109, 13.178, 57.035, 43.857, 46.711
s2802b_11, 8.528, 59.397, 50.870, 47.696
s2802b_110, 31.346, 18.208, -13.138, 20.347
s2802b_111, 20.100, 48.726, 28.626, 41.842
s2802b_112, 35.954, 16.254, -19.700, 19.726
s2802b_113, 15.779, 60.297, 44.518, 49.669
s2802b_114, 21.285, 40.066, 18.782, 35.370
s2802b_115, 11.233, 57.318, 46.085, 46.601
s2802b_116, 37.117, 17.741, -19.376, 21.092
s2802b_117, 13.178, 52.965, 39.786, 43.647
s2802b_118, 11.779, 63.217, 51.438, 51.324
s2802b_119, 11.777, 61.314, 49.537, 49.810
s2802b_12, 24.023, 17.510, -6.513, 18.349
s2802b_120, 41.481, 12.584, -28.897, 17.923
s2802b_121, 21.075, 36.613, 15.538, 32.658
s2802b_122, 20.077, 34.951, 14.874, 31.172
s2802b_123, 54.069, 6.760, -47.308, 15.844
s2802b_124, 11.633, 38.682, 27.049, 32.427
s2802b_125, 5.343, 60.596, 55.253, 47.969
s2802b_126, 6.695, 52.122, 45.427, 41.767
s2802b_127, 8.693, 54.606, 45.913, 43.997
s2802b_128, 20.454, 41.210, 20.756, 36.109
s2802b_129, 37.491, 22.676, -14.815, 24.994
s2802b_13, 7.759, 63.543, 55.784, 50.832
s2802b_130, 11.069, 54.352, 43.284, 44.281
s2802b_131, 39.658, 15.131, -24.527, 19.563
s2802b_132, 15.761, 58.735, 42.974, 48.587
s2802b_133, 13.184, 59.905, 46.721, 49.084
s2802b_134, 13.459, 62.651, 49.192, 51.121
s2802b_135, 30.703, 19.728, -10.975, 21.407
s2802b_136, 12.523, 62.601, 50.078, 51.044
s2802b_137, 17.104, 62.163, 45.060, 51.501
s2802b_138, 10.156, 56.686, 46.530, 45.865
s2802b_139, 4.568, 60.030, 55.462, 47.429
s2802b_14, 6.225, 54.009, 47.784, 43.197
s2802b_140, 17.998, 37.187, 19.189, 32.518
s2802b_141, 35.352, 25.715, -9.637, 26.943
s2802b_142, 24.406, 35.205, 10.799, 32.200
s2802b_143, 18.902, 59.437, 40.535, 49.787
s2802b_144, 23.073, 50.806, 27.732, 44.017
s2802b_145, 7.480, 44.452, 36.972, 36.119
s2802b_146, 20.264, 52.317, 32.053, 44.676
s2802b_147, 8.436, 57.396, 48.960, 46.120
s2802b_148, 14.440, 67.387, 52.947, 55.212
s2802b_149, 19.715, 61.394, 41.679, 51.607
s2802b_15, 12.055, 58.714, 46.659, 47.769
s2802b_150, 18.247, 59.318, 41.071, 49.554
s2802b_151, 11.929, 60.445, 48.516, 49.098
s2802b_152, 12.546, 58.655, 46.109, 47.991
s2802b_153, 16.677, 66.877, 50.200, 55.228
s2802b_154, 6.646, 65.546, 58.899, 52.307
s2802b_155, 25.159, 18.624, -6.534, 19.466
s2802b_156, 14.077, 62.519, 48.442, 51.214
s2802b_157, 15.397, 61.110, 45.713, 50.278
s2802b_158, 13.089, 61.791, 48.702, 50.407
s2802b_159, 13.782, 63.153, 49.371, 51.572
s2802b_16, 29.941, 40.509, 10.569, 37.362
s2802b_160, 6.861, 60.651, 53.790, 48.343
s2802b_161, 18.951, 44.502, 25.551, 38.354
s2802b_162, 38.292, 25.957, -12.335, 27.694
s2802b_163, 25.342, 29.499, 4.157, 27.957
s2802b_164, 8.325, 52.590, 44.265, 42.481
s2802b_165, 13.475, 43.283, 29.808, 36.358
s2802b_166, 9.045, 56.873, 47.829, 46.015
s2802b_167, 13.699, 55.819, 42.119, 45.962
s2802b_168, 12.079, 64.323, 52.243, 52.155
s2802b_169, 15.524, 59.284, 43.760, 48.993
s2802b_17, 41.052, 12.204, -28.848, 17.563
s2802b_170, 23.382, 18.967, -4.416, 19.382
s2802b_171, 16.828, 26.687, 9.859, 24.142
s2802b_172, 13.407, 60.527, 47.120, 49.660
s2802b_173, 16.720, 54.699, 37.979, 45.826
s2802b_174, 28.491, 22.660, -5.831, 23.263
s2802b_175, 29.359, 23.868, -5.491, 24.374
s2802b_176, 11.885, 57.937, 46.051, 47.209
s2802b_177, 21.243, 57.413, 36.170, 48.780
s2802b_178, 11.874, 59.711, 47.837, 48.499
s2802b_179, 21.131, 46.976, 25.845, 40.702
s2802b_18, 17.535, 60.886, 43.351, 50.690
s2802b_180, 29.722, 16.705, -13.018, 18.850
s2802b_181, 11.288, 60.672, 49.384, 49.135
s2802b_182, 7.416, 59.725, 52.309, 47.781
s2802b_183, 13.347, 61.675, 48.328, 50.543
s2802b_184, 11.694, 63.004, 51.311, 51.101
s2802b_185, 24.811, 50.905, 26.094, 44.451
s2802b_186, 11.616, 59.845, 48.229, 48.573
s2802b_187, 13.498, 59.785, 46.287, 48.928
s2802b_188, 30.949, 22.194, -8.756, 23.352
s2802b_189, 17.472, 58.311, 40.839, 48.670
s2802b_19, 10.646, 58.578, 47.932, 47.460
s2802b_190, 11.622, 61.199, 49.577, 49.758
s2802b_191, 42.905, 21.658, -21.247, 25.256
s2802b_192, 9.862, 62.156, 52.294, 50.101
s2802b_193, 16.934, 57.832, 40.898, 48.210
s2802b_194, 15.896, 55.394, 39.498, 46.111
s2802b_195, 15.135, 59.703, 44.568, 49.235
s2802b_196, 16.896, 41.287, 24.391, 35.452
s2802b_197, 6.957, 58.186, 51.229, 46.443
s2802b_198, 9.147, 59.785, 50.638, 48.159
s2802b_199, 14.931, 57.819, 42.887, 47.622
s2802b_2, 34.150, 37.502, 3.352, 35.859
s2802b_20, 14.572, 60.018, 45.447, 49.322
s2802b_200, 11.612, 60.015, 48.403, 48.832
s2802b_201, 26.627, 19.069, -7.558, 20.094
s2802b_202, 36.845, 24.593, -12.252, 26.401
s2802b_203, 13.559, 61.807, 48.248, 50.702
s2802b_204, 9.611, 58.550, 48.938, 47.183
s2802b_205, 47.463, 11.594, -35.870, 18.335
s2802b_206, 18.090, 61.273, 43.184, 51.138
s2802b_207, 27.693, 17.751, -9.942, 19.276
s2802b_208, 31.517, 40.123, 8.606, 37.395
s2802b_209, 4.357, 49.196, 44.838, 39.194
s2802b_21, 32.679, 16.634, -16.045, 19.375
s2802b_210, 10.293, 62.855, 52.562, 50.898
s2802b_211, 40.455, 6.942, -33.512, 13.333
s2802b_212, 4.203, 66.845, 62.642, 52.780
s2802b_213, 17.271, 37.667, 20.396, 32.751
s2802b_214, 16.577, 62.801, 46.224, 51.893
s2802b_215, 15.604, 61.893, 46.289, 50.966
s2802b_216, 35.196, 22.914, -12.282, 24.732
s2802b_217, 10.684, 63.221, 52.537, 51.134
s2802b_218, 18.244, 48.038, 29.794, 40.979
s2802b_219, 43.799, 17.480, -26.318, 22.170
s2802b_22, 50.946, 5.417, -45.529, 14.197
s2802b_220, 14.432, 61.971, 47.539, 50.739
s2802b_221, 32.383, 37.010, 4.626, 35.129
s2802b_222, 12.543, 62.973, 50.430, 51.292
s2802b_223, 17.728, 62.518, 44.790, 51.843
s2802b_224, 65.050, -2.615, -67.665, 10.686
s2802b_225, 9.753, 66.290, 56.536, 53.439
s2802b_226, 9.653, 59.512, 49.859, 47.970
s2802b_227, 11.211, 61.033, 49.822, 49.378
s2802b_228, 26.224, 42.058, 15.834, 37.851
s2802b_229, 19.025, 40.381, 21.356, 35.159
s2802b_23, 16.332, 60.101, 43.769, 49.728
s2802b_230, 13.936, 60.578, 46.642, 49.603
s2802b_231, 11.102, 59.086, 47.985, 47.940
s2802b_232, 12.760, 64.589, 51.829, 52.693
s2802b_233, 39.193, 17.304, -21.889, 21.140
s2802b_234, 15.394, 60.810, 45.417, 50.026
s2802b_235, 11.780, 59.013, 47.233, 48.033
s2802b_236, 25.684, 25.737, 0.052, 25.095
s2802b_237, 25.302, 31.782, 6.480, 29.719
s2802b_238, 38.067, 22.279, -15.788, 24.804
s2802b_239, 22.806, 41.504, 18.698, 36.788
s2802b_24, 32.006, 35.870, 3.863, 34.161
s2802b_240, 29.584, 27.814, -1.770, 27.468
s2802b_241, 15.204, 60.175, 44.971, 49.537
s2802b_242, 14.883, 61.949, 47.065, 50.985
s2802b_243, 11.127, 60.433, 49.307, 48.990
s2802b_244, 24.778, 34.601, 9.823, 31.801
s2802b_245, 8.358, 63.261, 54.903, 50.731
s2802b_246, 13.234, 62.027, 48.793, 50.544
s2802b_247, 11.567, 63.033, 51.466, 50.987
s2802b_248, 19.684, 56.214, 36.530, 47.556
s2802b_249, 21.244, 29.165, 7.921, 26.910
s2802b_25, 13.301, 61.490, 48.189, 50.280
s2802b_250, 26.058, 41.860, 15.803, 37.682
s2802b_251, 48.313, 7.310, -41.003, 15.142
s2802b_252, 12.404, 61.786, 49.382, 50.246
s2802b_253, 17.408, 40.906, 23.498, 35.282
s2802b_254, 12.312, 61.872, 49.559, 50.229
s2802b_255, 14.233, 61.197, 46.963, 50.167
s2802b_256, 26.352, 35.152, 8.800, 32.519
s2802b_257, 32.770, 21.867, -10.904, 23.462
s2802b_258, 12.256, 62.780, 50.524, 51.031
s2802b_259, 16.122, 60.783, 44.661, 50.249
s2802b_26, 9.508, 59.673, 50.165, 48.021
s2802b_260, 28.526, 32.471, 3.945, 30.881
s2802b_261, 11.854, 61.034, 49.179, 49.557
s2802b_262, 12.356, 59.090, 46.733, 48.124
s2802b_263, 12.943, 60.588, 47.645, 49.393
s2802b_264, 21.275, 46.638, 25.364, 40.466
s2802b_265, 19.181, 45.290, 26.109, 39.000
s2802b_266, 17.436, 31.163, 13.727, 27.719
s2802b_267, 13.990, 60.777, 46.787, 49.718
s2802b_268, 41.834, 16.179, -25.656, 20.805
s2802b_269, 12.550, 61.164, 48.614, 49.773
s2802b_27, 13.650, 60.443, 46.793, 49.399
s2802b_270, 1.809, 61.467, 59.658, 48.183
s2802b_271, 17.658, 62.691, 45.033, 52.100
s2802b_272, 13.215, 54.728, 41.513, 45.176
s2802b_273, 14.868, 63.736, 48.867, 52.324
s2802b_274, 26.607, 26.223, -0.384, 25.663
s2802b_275, 36.951, 17.576, -19.375, 20.937
s2802b_276, 22.474, 40.555, 18.081, 35.985
s2802b_277, 41.698, 22.391, -19.308, 25.593
s2802b_278, 44.746, 7.348, -37.398, 14.471
s2802b_279, 9.412, 57.323, 47.911, 46.330
s2802b_28, 46.808, 11.809, -34.999, 18.340
s2802b_280, 33.682, 20.965, -12.718, 22.927
s2802b_29, 13.717, 60.524, 46.807, 49.519
s2802b_3, 30.646, 21.362, -9.284, 22.643
s2802b_30, 38.070, 7.773, -30.297, 13.516
s2802b_31, 1.331, 52.819, 51.488, 41.357
s2802b_32, 13.499, 44.291, 30.792, 37.129
s2802b_33, 34.787, 27.136, -7.651, 27.935
s2802b_34, 10.260, 60.791, 50.531, 49.069
s2802b_35, 18.191, 29.397, 11.206, 26.466
s2802b_36, 9.442, 47.468, 38.026, 38.848
s2802b_37, 11.479, 60.731, 49.252, 49.318
s2802b_38, 33.012, 27.706, -5.307, 28.043
s2802b_39, 7.525, 60.947, 53.421, 48.715
s2802b_4, 32.656, 36.216, 3.560, 34.557
s2802b_40, 24.992, 26.177, 1.186, 25.307
s2802b_41, 11.881, 60.675, 48.793, 49.324
s2802b_42, 4.943, 61.059, 56.115, 48.249
s2802b_43, 2.601, 40.900, 38.299, 32.433
s2802b_44, 6.447, 63.598, 57.151, 50.572
s2802b_45, 6.936, 46.604, 39.669, 37.689
s2802b_46, 10.499, 58.468, 47.970, 47.442
s2802b_47, 12.704, 60.298, 47.594, 49.108
s2802b_48, 9.511, 63.837, 54.326, 51.500
s2802b_49, 34.310, 20.070, -14.240, 22.354
s2802b_5, 27.115, 49.380, 22.264, 43.687
s2802b_50, 16.103, 61.916, 45.813, 51.111
s2802b_51, 9.538, 57.156, 47.618, 46.238
s2802b_52, 9.935, 63.057, 53.123, 50.914
s2802b_53, 15.512, 61.829, 46.318, 50.798
s2802b_54, 35.302, 17.780, -17.523, 20.774
s2802b_55, 11.723, 63.566, 51.843, 51.633
s2802b_56, 12.692, 61.907, 49.215, 50.337
s2802b_57, 8.032, 57.834, 49.801, 46.362
s2802b_58, 49.139, 11.796, -37.343, 18.820
s2802b_59, 7.183, 60.480, 53.297, 48.255
s2802b_6, 14.364, 60.027, 45.664, 49.223
s2802b_60, 13.879, 61.008, 47.129, 49.870
s2802b_61, 15.634, 61.663, 46.030, 50.924
s2802b_62, 35.503, 22.908, -12.595, 24.792
s2802b_63, 16.728, 61.108, 44.381, 50.593
s2802b_64, 13.613, 63.466, 49.853, 51.984
s2802b_65, 10.396, 62.383, 51.987, 50.320
s2802b_66, 38.104, 17.812, -20.292, 21.346
s2802b_67, 13.160, 62.859, 49.699, 51.262
s2802b_68, 37.680, 20.528, -17.152, 23.360
s2802b_69, 10.260, 61.800, 51.540, 49.850
s2802b_7, 25.544, 46.441, 20.897, 41.147
s2802b_70, 11.620, 63.596, 51.976, 51.486
s2802b_71, 38.904, 17.481, -21.422, 21.238
s2802b_72, 19.752, 51.978, 32.226, 44.298
s2802b_73, 34.772, 26.035, -8.737, 27.073
s2802b_74, 11.376, 63.496, 52.120, 51.403
s2802b_75, 11.128, 62.722, 51.595, 50.669
s2802b_76, 29.695, 27.986, -1.709, 27.630
s2802b_77, 10.220, 58.694, 48.475, 47.403
s2802b_78, 11.372, 62.539, 51.167, 50.626
s2802b_79, 12.825, 59.881, 47.056, 48.912
s2802b_8, 31.802, 40.677, 8.875, 37.861
s2802b_80, 13.619, 47.809, 34.190, 39.891
s2802b_81, 29.666, 28.987, -0.680, 28.413
s2802b_82, 50.023, 11.664, -38.359, 18.909
s2802b_83, 14.764, 55.217, 40.453, 45.713
s2802b_84, 13.210, 61.997, 48.787, 50.634
s2802b_85, 38.216, 17.914, -20.301, 21.448
s2802b_86, 9.900, 58.848, 48.948, 47.484
s2802b_87, 14.484, 60.604, 46.119, 49.700
s2802b_88, 23.693, 45.339, 21.646, 39.935
s2802b_89, 9.489, 24.692, 15.203, 21.152
s2802b_9, 12.611, 64.945, 52.334, 52.915
s2802b_90, 23.922, 28.007, 4.085, 26.519
s2802b_91, 41.635, 15.973, -25.662, 20.606
s2802b_92, 15.999, 61.948, 45.950, 51.147
s2802b_93, 8.617, 56.831, 48.214, 45.711
s2802b_94, 19.987, 24.911, 4.924, 23.340
s2802b_95, 18.625, 27.538, 8.912, 25.129
s2802b_96, 15.160, 61.766, 46.606, 50.910
s2802b_97, 10.019, 61.461, 51.441, 49.567
s2802b_98, 12.444, 62.453, 50.009, 50.884
s2802b_99, 9.308, 63.728, 54.420, 51.322
s2803a_0, 4.685, 62.075, 57.391, 49.119
s2803a_1, 4.553, 62.308, 57.755, 49.234
s2803a_10, 12.946, 62.076, 49.130, 50.554
s2803a_100, 5.616, 63.683, 58.067, 50.625
s2803a_101, 10.272, 62.191, 51.919, 50.173
s2803a_102, 10.654, 63.452, 52.798, 51.364
s2803a_103, 10.378, 54.588, 44.210, 44.533
s2803a_104, 29.559, 20.884, -8.675, 22.084
s2803a_105, 16.038, 62.411, 46.372, 51.455
s2803a_106, 17.966, 63.831, 45.865, 53.000
s2803a_107, 60.032, 2.002, -58.029, 13.316
s2803a_108, 49.129, 12.304, -36.825, 19.198
s2803a_109, 11.667, 62.861, 51.194, 51.132
s2803a_11, 14.624, 63.741, 49.117, 52.252
s2803a_110, 37.614, 12.316, -25.297, 16.981
s2803a_111, 21.248, 49.985, 28.736, 43.045
s2803a_112, 15.871, 61.207, 45.336, 50.412
s2803a_113, 17.531, 65.189, 47.658, 54.088
s2803a_114, 13.446, 62.493, 49.048, 50.931
s2803a_115, 16.212, 61.885, 45.673, 51.146
s2803a_116, 17.708, 60.806, 43.097, 50.479
s2803a_117, 8.273, 60.606, 52.333, 48.566
s2803a_118, 42.824, 12.382, -30.442, 18.033
s2803a_119, 6.175, 63.917, 57.742, 50.775
s2803a_12, 11.419, 61.472, 50.053, 49.775
s2803a_120, 14.205, 60.476, 46.271, 49.605
s2803a_121, 16.254, 60.737, 44.483, 50.365
s2803a_122, 13.539, 56.949, 43.410, 46.848
s2803a_123, 17.450, 59.086, 41.636, 49.104
s2803a_124, 9.268, 57.635, 48.367, 46.455
s2803a_125, 27.612, 11.140, -16.472, 14.110
s2803a_126, 54.107, 7.095, -47.011, 16.115
s2803a_127, 32.737, 25.369, -7.369, 26.170
s2803a_128, 25.104, 42.322, 17.219, 37.862
s2803a_13, 31.039, 17.833, -13.206, 20.006
s2803a_14, 12.533, 60.711, 48.178, 49.400
s2803a_15, 21.309, 41.302, 19.993, 36.315
s2803a_16, 13.805, 48.801, 34.996, 40.691
s2803a_17, 50.256, 12.173, -38.083, 19.310
s2803a_18, 14.947, 61.582, 46.635, 50.525
s2803a_19, 33.235, 10.353, -22.882, 14.599
s2803a_2, 46.820, 11.267, -35.553, 17.930
s2803a_20, 25.452, 16.186, -9.265, 17.618
s2803a_21, 35.303, 41.129, 5.826, 38.914
s2803a_22, 21.352, 43.902, 22.551, 38.363
s2803a_23, 13.281, 58.069, 44.787, 47.515
s2803a_24, 35.037, 12.744, -22.292, 16.794
s2803a_25, 10.683, 60.698, 50.015, 49.122
s2803a_26, 19.165, 43.418, 24.253, 37.568
s2803a_27, 11.834, 61.391, 49.556, 49.789
s2803a_28, 12.786, 45.463, 32.677, 37.894
s2803a_29, 12.247, 60.429, 48.181, 49.101
s2803a_3, 14.755, 63.679, 48.924, 52.235
s2803a_30, 19.584, 24.466, 4.882, 22.934
s2803a_31, 30.647, 15.979, -14.668, 18.464
s2803a_32, 18.794, 62.955, 44.161, 52.430
s2803a_33, 27.402, 37.182, 9.779, 34.318
s2803a_34, 9.005, 63.981, 54.976, 51.463
s2803a_35, 12.244, 65.102, 52.858, 52.916
s2803a_36, 25.383, 32.795, 7.412, 30.508
s2803a_37, 15.985, 57.825, 41.840, 47.859
s2803a_38, 13.054, 60.654, 47.601, 49.523
s2803a_39, 15.569, 63.656, 48.088, 52.270
s2803a_4, 14.029, 61.896, 47.867, 50.645
s2803a_40, 21.251, 49.784, 28.532, 42.892
s2803a_41, 11.689, 62.102, 50.413, 50.279
s2803a_42, 12.437, 61.478, 49.041, 50.214
s2803a_43, 9.543, 64.862, 55.319, 52.296
s2803a_44, 11.250, 62.375, 51.125, 50.457
s2803a_45, 47.030, 11.912, -35.118, 18.479
s2803a_46, 32.181, 33.437, 1.256, 32.320
s2803a_47, 13.907, 59.239, 45.332, 48.539
s2803a_48, 17.575, 35.114, 17.539, 30.784
s2803a_49, 29.312, 12.489, -16.823, 15.481
s2803a_5, 26.518, 32.473, 5.954, 30.482
s2803a_50, 15.271, 62.183, 46.911, 51.345
s2803a_51, 19.618, 55.744, 36.126, 47.171
s2803a_52, 19.370, 42.958, 23.588, 37.247
s2803a_53, 17.555, 59.836, 42.281, 49.945
s2803a_54, 26.234, 40.547, 14.314, 36.697
s2803a_55, 36.003, 37.803, 1.800, 36.430
s2803a_56, 10.068, 62.815, 52.747, 50.576
s2803a_57, 25.546, 34.440, 8.893, 31.829
s2803a_58, 13.187, 61.767, 48.581, 50.364
s2803a_59, 10.586, 59.043, 48.457, 47.841
s2803a_6, 13.346, 62.397, 49.050, 50.887
s2803a_60, 27.557, 31.274, 3.717, 29.756
s2803a_61, 42.068, 12.503, -29.564, 17.956
s2803a_62, 12.030, 59.945, 47.915, 48.738
s2803a_63, 14.887, 61.036, 46.150, 50.166
s2803a_64, 12.621, 60.774, 48.152, 49.468
s2803a_65, 28.333, 36.952, 8.619, 34.289
s2803a_66, 12.415, 57.870, 45.455, 47.295
s2803a_67, 29.084, 24.197, -4.887, 24.585
s2803a_68, 20.424, 28.751, 8.327, 26.418
s2803a_69, 41.728, 15.899, -25.828, 20.549
s2803a_7, 43.571, 17.587, -25.984, 22.212
s2803a_70, 7.130, 63.748, 56.618, 50.854
s2803a_71, 29.886, 16.320, -13.567, 18.598
s2803a_72, 9.994, 62.825, 52.832, 50.621
s2803a_73, 15.291, 25.118, 9.827, 22.605
s2803a_74, 13.792, 61.702, 47.909, 50.490
s2803a_75, 16.129, 62.294, 46.165, 51.445
s2803a_76, 14.285, 59.242, 44.957, 48.768
s2803a_77, 7.822, 64.540, 56.718, 51.646
s2803a_78, 19.551, 62.725, 43.174, 52.495
s2803a_79, 13.878, 62.084, 48.207, 50.869
s2803a_8, 16.271, 46.190, 29.919, 39.160
s2803a_80, 12.033, 61.563, 49.530, 49.971
s2803a_81, 11.210, 66.720, 55.510, 54.044
s2803a_82, 35.870, 20.508, -15.362, 22.985
s2803a_83, 12.590, 63.195, 50.605, 51.396
s2803a_84, 42.426, 12.473, -29.953, 18.006
s2803a_85, 11.323, 58.832, 47.509, 47.746
s2803a_86, -4.368, 54.472, 58.840, 41.623
s2803a_87, 11.376, 30.320, 18.944, 25.829
s2803a_88, 15.899, 18.812, 2.914, 17.804
s2803a_89, 44.103, 10.401, -33.702, 16.747
s2803a_9, 13.812, 64.350, 50.537, 52.540
s2803a_90, 47.998, 16.150, -31.848, 21.971
s2803a_91, 22.220, 35.264, 13.045, 31.817
s2803a_92, 11.558, 59.489, 47.931, 48.278
s2803a_93, 45.342, 11.611, -33.731, 17.915
s2803a_94, 29.141, 33.317, 4.176, 31.661
s2803a_95, 8.970, 62.225, 53.255, 49.889
s2803a_96, 26.233, 17.968, -8.265, 19.174
s2803a_97, 5.232, 62.186, 56.953, 49.443
s2803a_98, 24.045, 51.397, 27.352, 44.675
s2803a_99, 13.822, 62.439, 48.617, 51.022
s3701a_0, 30.037, 15.611, -14.427, 18.069
s3701a_1, 29.842, 12.716, -17.125, 15.743
s3701a_10, 6.900, 51.097, 44.197, 41.030
s3701a_100, 9.670, 58.008, 48.338, 46.811
s3701a_101, 13.781, 55.069, 41.287, 45.302
s3701a_102, 13.650, 54.883, 41.233, 45.218
s3701a_103, 11.032, 57.402, 46.369, 46.742
s3701a_104, 23.073, 20.392, -2.681, 20.413
s3701a_105, 17.209, 57.721, 40.512, 48.066
s3701a_106, 12.759, 62.042, 49.283, 50.523
s3701a_107, 15.634, 23.118, 7.484, 21.101
s3701a_108, 14.459, 58.685, 44.226, 48.493
s3701a_109, 22.476, 27.895, 5.419, 26.157
s3701a_11, 11.319, 57.154, 45.835, 46.408
s3701a_110, 7.847, 53.346, 45.499, 42.927
s3701a_111, 14.013, 57.180, 43.167, 46.963
s3701a_112, 13.609, 59.603, 45.995, 48.727
s3701a_113, 7.793, 63.451, 55.658, 50.790
s3701a_114, 13.652, 55.977, 42.325, 45.976
s3701a_115, 13.113, 60.110, 46.997, 49.103
s3701a_116, 15.106, 61.140, 46.033, 50.413
s3701a_117, 20.897, 34.753, 13.856, 31.166
s3701a_118, 9.660, 57.052, 47.391, 46.051
s3701a_119, 1.645, 55.967, 54.322, 43.782
s3701a_12, 8.238, 59.034, 50.796, 47.505
s3701a_120, 9.294, 60.883, 51.589, 48.992
s3701a_121, 10.157, 59.156, 48.999, 47.786
s3701a_122, 39.629, 15.812, -23.817, 20.071
s3701a_123, 19.744, 57.677, 37.933, 48.601
s3701a_124, 39.302, 20.303, -18.999, 23.500
s3701a_125, 24.384, 32.494, 8.110, 30.088
s3701a_126, 9.024, 57.117, 48.094, 45.986
s3701a_127, 12.078, 59.469, 47.391, 48.442
s3701a_128, 25.970, 38.616, 12.646, 35.147
s3701a_129, 10.599, 50.190, 39.591, 41.188
s3701a_13, 9.575, 61.747, 52.172, 49.850
s3701a_130, 18.939, 40.984, 22.045, 35.645
s3701a_131, 8.959, 40.222, 31.263, 33.128
s3701a_132, 9.007, 34.595, 25.588, 28.731
s3701a_133, 19.159, 42.384, 23.226, 36.768
s3701a_134, 9.899, 59.855, 49.956, 48.427
s3701a_135, 6.873, 59.913, 53.040, 47.753
s3701a_136, 9.511, 57.997, 48.486, 46.756
s3701a_137, 10.449, 62.668, 52.219, 50.686
s3701a_138, 11.991, 59.761, 47.771, 48.682
s3701a_139, 11.366, 57.829, 46.463, 47.073
s3701a_14, 6.395, 56.057, 49.662, 44.704
s3701a_140, 12.126, 59.887, 47.761, 48.676
s3701a_141, 6.920, 56.117, 49.196, 44.935
s3701a_142, 11.369, 58.782, 47.412, 47.846
s3701a_143, 13.257, 58.400, 45.143, 48.038
s3701a_144, 8.597, 63.999, 55.402, 51.176
s3701a_145, 7.932, 62.362, 54.430, 50.088
s3701a_146, 9.924, 64.546, 54.622, 52.080
s3701a_147, 9.006, 55.654, 46.647, 44.957
s3701a_148, 26.390, 28.136, 1.746, 27.095
s3701a_149, 10.203, 58.574, 48.371, 47.405
s3701a_15, 3.409, 59.157, 55.748, 46.710
s3701a_150, 33.963, 19.835, -14.128, 22.084
s3701a_151, 26.117, 24.496, -1.621, 24.221
s3701a_152, 15.354, 56.594, 41.240, 46.818
s3701a_153, 12.222, 60.304, 48.082, 49.252
s3701a_154, 8.400, 59.332, 50.932, 47.570
s3701a_155, 38.626, 30.884, -7.742, 31.576
s3701a_156, 10.146, 63.945, 53.799, 51.484
s3701a_157, 13.861, 58.655, 44.794, 48.299
s3701a_158, 11.802, 43.031, 31.229, 35.855
s3701a_159, 19.756, 32.559, 12.803, 29.262
s3701a_16, 8.572, 59.871, 51.300, 48.231
s3701a_160, 30.627, 27.061, -3.566, 27.102
s3701a_161, 15.154, 62.674, 47.519, 51.494
s3701a_162, 19.470, 63.074, 43.604, 52.782
s3701a_163, 43.992, 2.479, -41.513, 10.533
s3701a_164, 14.000, 55.017, 41.017, 45.464
s3701a_165, 22.755, 39.662, 16.907, 35.329
s3701a_166, 6.684, 60.109, 53.425, 47.889
s3701a_167, 14.403, 60.217, 45.814, 49.464
s3701a_168, 30.909, 10.666, -20.243, 14.388
s3701a_169, 16.052, 60.459, 44.408, 49.917
s3701a_17, 23.992, 37.571, 13.579, 33.951
s3701a_170, 11.140, 57.976, 46.837, 47.029
s3701a_18, 38.816, 30.770, -8.046, 31.538
s3701a_19, 35.013, 37.723, 2.710, 36.186
s3701a_2, 4.875, 57.237, 52.361, 45.295
s3701a_20, 11.490, 61.518, 50.029, 50.099
s3701a_21, 13.104, 60.666, 47.562, 49.624
s3701a_22, 13.250, 58.258, 45.008, 47.928
s3701a_23, 44.084, 6.322, -37.762, 13.580
s3701a_24, 11.500, 60.054, 48.554, 48.892
s3701a_25, 7.337, 55.364, 48.026, 44.539
s3701a_26, 8.244, 57.946, 49.701, 46.707
s3701a_27, 8.964, 59.191, 50.228, 47.637
s3701a_28, 6.248, 57.433, 51.185, 45.727
s3701a_29, 11.802, 59.669, 47.867, 48.717
s3701a_3, 13.990, 61.381, 47.392, 50.343
s3701a_30, 13.790, 50.015, 36.225, 41.561
s3701a_31, -0.373, 55.119, 55.492, 42.776
s3701a_32, 8.881, 55.922, 47.041, 45.063
s3701a_33, 11.967, 65.646, 53.678, 53.330
s3701a_34, 9.643, 45.980, 36.337, 37.728
s3701a_35, 49.523, 6.552, -42.971, 14.785
s3701a_36, 16.019, 57.160, 41.142, 47.444
s3701a_37, 43.295, 17.103, -26.192, 21.803
s3701a_38, 18.752, 44.916, 26.164, 38.640
s3701a_39, 4.184, 57.428, 53.244, 45.317
s3701a_4, 14.626, 59.137, 44.511, 48.660
s3701a_40, 28.359, 34.308, 5.949, 32.270
s3701a_41, 9.862, 56.277, 46.415, 45.486
s3701a_42, -0.544, 28.696, 29.240, 22.273
s3701a_43, 24.746, 62.348, 37.602, 53.245
s3701a_44, 0.733, 28.872, 28.139, 22.709
s3701a_45, 9.185, 48.631, 39.447, 39.585
s3701a_46, 24.536, 39.083, 14.547, 35.218
s3701a_47, 12.221, 66.624, 54.403, 54.190
s3701a_48, 15.074, 26.387, 11.312, 23.529
s3701a_49, 50.871, 17.176, -33.694, 23.317
s3701a_5, 11.832, 62.248, 50.416, 50.666
s3701a_50, 12.684, 58.641, 45.956, 47.849
s3701a_51, 24.177, 34.070, 9.893, 31.266
s3701a_52, 6.063, 51.925, 45.862, 41.623
s3701a_53, 8.022, 62.529, 54.507, 49.984
s3701a_54, 25.199, 30.718, 5.520, 28.882
s3701a_55, 14.022, 59.937, 45.915, 49.198
s3701a_56, 12.603, 58.334, 45.731, 47.622
s3701a_57, 16.240, 58.044, 41.804, 48.075
s3701a_58, 15.904, 36.548, 20.643, 31.602
s3701a_59, -2.237, 58.667, 60.904, 45.222
s3701a_6, 10.539, 62.506, 51.968, 50.553
s3701a_60, 9.494, 59.508, 50.013, 47.969
s3701a_61, 30.842, 12.174, -18.668, 15.561
s3701a_62, 32.096, 36.026, 3.930, 34.303
s3701a_63, 14.648, 23.214, 8.566, 20.981
s3701a_64, 16.494, 37.885, 21.391, 32.764
s3701a_65, 42.031, 22.130, -19.901, 25.457
s3701a_66, 11.491, 64.469, 52.978, 52.234
s3701a_67, 5.619, 55.717, 50.098, 44.284
s3701a_68, 3.680, 51.735, 48.055, 40.847
s3701a_69, 11.204, 60.472, 49.268, 49.082
s3701a_7, 38.039, 6.747, -31.292, 12.702
s3701a_70, 15.062, 51.865, 36.803, 43.344
s3701a_71, 20.219, 34.547, 14.328, 30.902
s3701a_72, 21.643, 40.711, 19.068, 35.932
s3701a_73, 13.492, 61.338, 47.845, 50.146
s3701a_74, 9.976, 59.173, 49.196, 47.783
s3701a_75, 12.071, 59.515, 47.444, 48.364
s3701a_76, 14.129, 56.542, 42.413, 46.573
s3701a_77, 18.796, 56.732, 37.937, 47.758
s3701a_78, 15.778, 57.887, 42.109, 47.877
s3701a_79, 8.680, 65.961, 57.281, 53.005
s3701a_8, 13.385, 40.154, 26.769, 33.923
s3701a_80, 16.036, 31.970, 15.933, 28.074
s3701a_81, 9.788, 58.150, 48.362, 46.921
s3701a_82, 14.364, 56.014, 41.651, 46.233
s3701a_83, 15.690, 62.528, 46.838, 51.491
s3701a_84, 19.737, 37.585, 17.848, 33.133
s3701a_85, 3.736, 61.182, 57.446, 48.215
s3701a_86, 10.827, 58.029, 47.203, 47.076
s3701a_87, 19.474, 45.510, 26.037, 39.232
s3701a_88, 12.074, 61.739, 49.666, 50.170
s3701a_89, 7.608, 61.428, 53.820, 49.043
s3701a_9, 10.669, 57.671, 47.003, 46.712
s3701a_90, 13.574, 45.718, 32.144, 38.254
s3701a_91, 12.715, 58.194, 45.480, 47.551
s3701a_92, 11.785, 60.555, 48.770, 49.214
s3701a_93, 38.828, 22.189, -16.639, 24.875
s3701a_94, 29.704, 26.102, -3.602, 26.144
s3701a_95, 3.936, 59.967, 56.032, 47.443
s3701a_96, 13.603, 60.686, 47.082, 49.870
s3701a_97, 10.132, 62.092, 51.960, 50.227
s3701a_98, 14.793, 57.619, 42.826, 47.460
s3701a_99, 12.673, 59.169, 46.496, 48.226
s3701b_0, 7.562, 63.098, 55.537, 50.514
s3701b_1, 8.902, 51.417, 42.514, 41.774
s3701b_10, 36.951, 19.251, -17.700, 22.232
s3701b_100, 39.779, 11.177, -28.601, 16.511
s3701b_101, 31.991, 29.639, -2.352, 29.353
s3701b_102, 11.083, 29.285, 18.202, 25.024
s3701b_103, 4.517, 56.358, 51.841, 44.593
s3701b_104, 16.692, 54.615, 37.923, 45.753
s3701b_105, -2.855, 63.401, 66.255, 48.696
s3701b_106, 7.554, 61.193, 53.639, 48.964
s3701b_107, 22.928, 49.583, 26.656, 43.073
s3701b_108, 10.749, 61.484, 50.735, 49.703
s3701b_109, 18.328, 61.246, 42.918, 51.187
s3701b_11, 40.102, 12.284, -27.819, 17.437
s3701b_110, 28.329, 25.210, -3.118, 25.196
s3701b_111, 31.704, 38.091, 6.387, 35.829
s3701b_112, 9.206, 59.658, 50.452, 48.093
s3701b_113, 0.401, 46.437, 46.035, 36.245
s3701b_114, 12.642, 49.239, 36.597, 40.795
s3701b_115, 26.563, 30.603, 4.040, 29.053
s3701b_116, 18.647, 39.273, 20.626, 34.230
s3701b_117, 32.148, 32.837, 0.689, 31.854
s3701b_118, 12.769, 59.281, 46.512, 48.334
s3701b_119, 14.390, 60.342, 45.953, 49.464
s3701b_12, 20.292, 60.316, 40.024, 50.771
s3701b_120, 10.794, 59.911, 49.118, 48.458
s3701b_121, 26.335, 25.350, -0.985, 24.944
s3701b_122, 28.112, 11.981, -16.131, 14.878
s3701b_123, 17.855, 58.926, 41.071, 49.265
s3701b_124, 7.831, 61.677, 53.846, 49.363
s3701b_125, 15.118, 34.746, 19.628, 30.052
s3701b_126, 24.467, 23.655, -0.812, 23.245
s3701b_127, 9.728, 59.044, 49.316, 47.648
s3701b_128, 12.542, 57.184, 44.642, 46.806
s3701b_129, 12.287, 60.951, 48.665, 49.530
s3701b_13, 15.748, 59.021, 43.273, 48.744
s3701b_130, 27.811, 33.045, 5.234, 31.181
s3701b_131, 13.674, 58.824, 45.150, 48.287
s3701b_132, 25.912, 27.163, 1.251, 26.253
s3701b_133, 8.747, 34.925, 26.177, 28.960
s3701b_134, 13.910, 56.206, 42.296, 46.266
s3701b_135, 21.159, 9.973, -11.186, 11.960
s3701b_136, 20.149, 36.929, 16.780, 32.720
s3701b_137, 40.135, 27.468, -12.666, 29.231
s3701b_138, 10.999, 54.689, 43.689, 44.567
s3701b_139, 49.791, 15.898, -33.893, 22.093
s3701b_14, 26.994, 31.189, 4.196, 29.623
s3701b_140, 12.779, 35.180, 22.401, 29.930
s3701b_141, 22.862, 22.274, -0.588, 21.861
s3701b_142, 21.695, 41.976, 20.280, 36.918
s3701b_143, 11.883, 60.276, 48.393, 48.999
s3701b_144, 12.303, 35.268, 22.966, 29.905
s3701b_145, 72.269, -3.015, -75.285, 11.785
s3701b_146, 36.250, 26.323, -9.927, 27.587
s3701b_147, 8.998, 51.928, 42.930, 42.122
s3701b_148, 12.572, 62.880, 50.308, 51.122
s3701b_149, 12.533, 60.059, 47.526, 49.040
s3701b_15, 22.801, 34.867, 12.066, 31.624
s3701b_150, 11.977, 58.290, 46.313, 47.462
s3701b_151, 11.495, 58.392, 46.897, 47.450
s3701b_152, 32.205, 31.486, -0.719, 30.837
s3701b_153, 19.901, 41.202, 21.301, 35.990
s3701b_154, 10.849, 53.091, 42.242, 43.474
s3701b_155, 15.021, 65.635, 50.615, 53.947
s3701b_156, 11.516, 56.533, 45.017, 46.169
s3701b_157, 16.096, 58.907, 42.810, 48.767
s3701b_158, 10.372, 61.192, 50.821, 49.635
s3701b_159, 19.569, 44.013, 24.444, 38.089
s3701b_16, 14.875, 57.844, 42.969, 47.620
s3701b_160, 10.748, 59.972, 49.224, 48.502
s3701b_161, 32.314, 20.216, -12.097, 22.057
s3701b_162, 7.902, 51.005, 43.103, 41.166
s3701b_163, 72.283, -3.016, -75.299, 11.787
s3701b_164, 17.096, 60.969, 43.873, 50.577
s3701b_165, 5.459, 48.160, 42.701, 38.622
s3701b_17, 24.076, 13.385, -10.691, 15.176
s3701b_18, 13.630, 61.874, 48.244, 50.743
s3701b_19, 10.791, 54.493, 43.703, 44.349
s3701b_2, 27.485, 20.944, -6.541, 21.722
s3701b_20, 29.347, 14.198, -15.149, 16.823
s3701b_21, 6.421, 63.825, 57.404, 50.889
s3701b_22, 17.142, 60.596, 43.454, 50.378
s3701b_23, 8.052, 60.302, 52.250, 48.352
s3701b_24, 26.015, 12.394, -13.620, 14.791
s3701b_25, 22.121, 43.606, 21.485, 38.289
s3701b_26, 45.205, 6.218, -38.987, 13.706
s3701b_27, 11.281, 61.617, 50.336, 50.101
s3701b_28, 24.668, 27.312, 2.644, 26.147
s3701b_29, 20.096, 39.290, 19.194, 34.522
s3701b_3, 12.234, 56.158, 43.924, 45.855
s3701b_30, 36.385, 21.410, -14.975, 23.786
s3701b_31, 12.838, 58.247, 45.409, 47.831
s3701b_32, 41.883, 17.361, -24.523, 21.735
s3701b_33, 6.157, 57.246, 51.089, 45.700
s3701b_34, 10.598, 63.242, 52.644, 51.101
s3701b_35, 2.883, 55.997, 53.114, 44.134
s3701b_36, 55.753, 2.139, -53.613, 12.584
s3701b_37, 1.966, 55.353, 53.387, 43.291
s3701b_38, 43.223, 6.543, -36.680, 13.577
s3701b_39, 11.568, 38.159, 26.591, 32.035
s3701b_4, 10.844, 55.691, 44.847, 45.317
s3701b_40, 12.932, 58.588, 45.656, 47.853
s3701b_41, 10.502, 53.062, 42.560, 43.389
s3701b_42, 15.703, 57.779, 42.076, 47.738
s3701b_43, 45.765, 11.922, -33.843, 18.253
s3701b_44, 9.267, 61.650, 52.384, 49.618
s3701b_45, 8.718, 61.147, 52.428, 49.008
s3701b_46, 11.103, 53.080, 41.977, 43.288
s3701b_47, 4.811, 65.699, 60.889, 52.032
s3701b_48, 25.778, 26.555, 0.776, 25.727
s3701b_49, 9.095, 55.748, 46.654, 45.122
s3701b_5, 4.798, 61.990, 57.192, 49.145
s3701b_50, 13.527, 57.828, 44.301, 47.417
s3701b_51, 32.123, 26.961, -5.162, 27.288
s3701b_52, 12.232, 25.456, 13.224, 22.273
s3701b_53, 12.380, 55.216, 42.836, 45.276
s3701b_54, 8.343, 63.153, 54.810, 50.575
s3701b_55, 13.269, 48.026, 34.756, 40.006
s3701b_56, 7.771, 57.035, 49.265, 45.698
s3701b_57, 30.315, 26.930, -3.385, 26.919
s3701b_58, 23.812, 34.502, 10.690, 31.519
s3701b_59, 13.848, 57.822, 43.975, 47.489
s3701b_6, 8.701, 61.112, 52.410, 49.243
s3701b_60, 12.044, 59.484, 47.440, 48.419
s3701b_61, 18.916, 40.380, 21.464, 35.171
s3701b_62, 10.493, 57.396, 46.902, 46.625
s3701b_63, 17.898, 60.019, 42.121, 49.983
s3701b_64, 12.365, 61.253, 48.888, 50.053
s3701b_65, 26.745, 15.786, -10.959, 17.588
s3701b_66, 6.640, 57.666, 51.025, 46.022
s3701b_67, 14.340, 60.369, 46.029, 49.579
s3701b_68, 44.079, 18.385, -25.694, 22.940
s3701b_69, 63.499, 1.936, -61.563, 13.920
s3701b_7, 22.632, 33.750, 11.119, 30.749
s3701b_70, 13.646, 56.020, 42.374, 46.061
s3701b_71, 4.484, 53.878, 49.395, 42.737
s3701b_72, 2.983, 60.790, 57.807, 47.920
s3701b_73, 13.198, 64.071, 50.873, 52.324
s3701b_74, 37.863, 11.536, -26.328, 16.416
s3701b_75, 11.306, 54.089, 42.783, 44.100
s3701b_76, 12.468, 59.317, 46.850, 48.585
s3701b_77, 57.278, 6.441, -50.837, 16.224
s3701b_78, 16.024, 59.351, 43.327, 49.170
s3701b_79, 25.933, 32.124, 6.190, 30.115
s3701b_8, 7.543, 53.668, 46.125, 43.237
s3701b_80, 19.229, 37.321, 18.091, 32.825
s3701b_81, 16.884, 60.943, 44.059, 50.555
s3701b_82, 25.714, 29.938, 4.224, 28.368
s3701b_83, 6.472, 55.059, 48.586, 43.946
s3701b_84, 16.752, 54.810, 38.059, 45.935
s3701b_85, 49.730, 2.325, -47.406, 11.540
s3701b_86, 16.057, 59.411, 43.354, 49.129
s3701b_87, 36.640, 24.583, -12.057, 26.325
s3701b_88, 11.485, 62.167, 50.682, 50.386
s3701b_89, 9.263, 49.827, 40.564, 40.638
s3701b_9, 6.133, 65.472, 59.339, 52.143
s3701b_90, 23.346, 16.176, -7.170, 17.198
s3701b_91, 13.309, 62.113, 48.804, 50.816
s3701b_92, 6.586, 56.456, 49.870, 45.041
s3701b_93, 6.718, 48.476, 41.758, 39.092
s3701b_94, 35.116, 32.123, -2.993, 31.898
s3701b_95, 5.757, 55.390, 49.633, 44.109
s3701b_96, 36.938, 25.676, -11.261, 27.220
s3701b_97, 13.338, 60.352, 47.013, 49.258
s3701b_98, 33.026, 28.148, -4.877, 28.378
s3701b_99, 11.716, 59.065, 47.349, 48.049
s3702a_0, 21.201, 51.400, 30.199, 44.118
s3702a_1, 8.095, 63.485, 55.389, 50.829
s3702a_10, 39.094, 25.371, -13.723, 27.397
s3702a_100, 13.735, 59.748, 46.013, 48.927
s3702a_101, 17.732, 62.560, 44.828, 51.987
s3702a_102, 19.377, 63.265, 43.889, 52.951
s3702a_103, 13.732, 49.828, 36.096, 41.482
s3702a_104, 13.061, 18.807, 5.746, 17.231
s3702a_105, 8.450, 55.061, 46.611, 44.352
s3702a_106, 16.521, 62.844, 46.323, 51.854
s3702a_107, 32.951, 15.430, -17.521, 18.483
s3702a_108, 22.617, 51.883, 29.266, 44.786
s3702a_109, 10.442, 29.848, 19.407, 25.357
s3702a_11, 21.115, 40.047, 18.931, 35.324
s3702a_110, 9.204, 48.733, 39.528, 39.798
s3702a_111, 20.144, 37.036, 16.892, 32.832
s3702a_112, 49.524, 15.341, -34.182, 21.625
s3702a_113, 17.545, 62.060, 44.515, 51.433
s3702a_114, 16.323, 56.004, 39.681, 46.606
s3702a_115, 45.865, 12.485, -33.380, 18.707
s3702a_116, 21.593, 38.547, 16.954, 34.252
s3702a_117, 56.558, 11.251, -45.307, 19.807
s3702a_118, 58.541, 11.690, -46.852, 20.546
s3702a_119, 15.176, 55.157, 39.981, 45.672
s3702a_12, 0.989, 20.275, 19.285, 16.066
s3702a_120, 15.241, 58.155, 42.914, 47.999
s3702a_121, 32.924, 23.742, -9.182, 24.936
s3702a_122, 31.644, 26.292, -5.352, 26.684
s3702a_123, 7.823, 45.980, 38.157, 37.363
s3702a_124, 13.423, 57.866, 44.444, 47.537
s3702a_125, 15.867, 36.726, 20.859, 31.743
s3702a_126, 23.214, 54.460, 31.246, 46.877
s3702a_127, 6.944, 60.385, 53.441, 48.288
s3702a_128, 24.353, 39.556, 15.203, 35.555
s3702a_129, 11.504, 65.152, 53.648, 52.906
s3702a_13, -3.408, 38.033, 41.442, 29.077
s3702a_130, 20.152, 56.633, 36.481, 47.852
s3702a_131, 14.434, 58.279, 43.845, 47.962
s3702a_132, 3.900, 56.975, 53.076, 45.063
s3702a_133, 53.042, 5.587, -47.455, 14.721
s3702a_134, 64.763, 1.473, -63.290, 13.815
s3702a_135, 39.076, 2.825, -36.251, 9.845
s3702a_136, 11.521, 59.548, 48.028, 48.320
s3702a_137, 38.444, 16.491, -21.954, 20.389
s3702a_138, 8.523, 57.280, 48.757, 46.021
s3702a_139, 24.420, 60.474, 36.054, 51.755
s3702a_14, 2.079, 18.928, 16.849, 15.238
s3702a_140, 10.602, 55.804, 45.202, 45.267
s3702a_141, 14.621, 47.575, 32.953, 39.905
s3702a_142, 17.846, 61.538, 43.692, 51.062
s3702a_143, 11.727, 64.236, 52.508, 52.038
s3702a_144, 7.602, 60.552, 52.950, 48.505
s3702a_145, 48.910, 12.069, -36.841, 18.978
s3702a_146, 12.236, 56.969, 44.733, 46.473
s3702a_147, 13.059, 65.478, 52.419, 53.441
s3702a_148, 8.125, 60.525, 52.400, 48.489
s3702a_149, 13.702, 58.876, 45.173, 48.224
s3702a_15, 37.229, 17.186, -20.043, 20.698
s3702a_150, 7.485, 59.498, 52.014, 47.559
s3702a_151, 15.976, 60.954, 44.978, 50.231
s3702a_152, 13.511, 58.581, 45.070, 47.933
s3702a_153, 15.566, 62.297, 46.730, 51.325
s3702a_154, 29.469, 35.534, 6.065, 33.424
s3702a_155, 28.165, 34.036, 5.871, 32.007
s3702a_156, 24.106, 39.604, 15.498, 35.571
s3702a_157, 7.465, 57.028, 49.563, 45.874
s3702a_16, 17.617, 60.344, 42.727, 50.092
s3702a_17, 15.628, 63.729, 48.101, 52.523
s3702a_18, 20.396, 16.091, -4.305, 16.570
s3702a_19, 13.030, 63.207, 50.176, 51.487
s3702a_2, 8.233, 60.599, 52.367, 48.490
s3702a_20, 8.514, 59.278, 50.765, 47.538
s3702a_21, 16.997, 31.953, 14.956, 28.246
s3702a_22, 12.738, 60.404, 47.666, 49.357
s3702a_23, 11.093, 58.786, 47.692, 47.649
s3702a_24, 12.867, 42.048, 29.180, 35.282
s3702a_25, 7.664, 58.411, 50.747, 46.718
s3702a_26, 13.906, 56.646, 42.741, 46.559
s3702a_27, 17.835, 62.666, 44.831, 52.141
s3702a_28, 40.415, 17.215, -23.199, 21.328
s3702a_29, 24.034, 9.334, -14.700, 12.004
s3702a_3, 14.391, 54.889, 40.498, 45.501
s3702a_30, 22.563, 24.052, 1.489, 23.199
s3702a_31, 12.005, 55.427, 43.422, 45.260
s3702a_32, 35.583, 20.362, -15.220, 22.844
s3702a_33, 53.544, 10.564, -42.980, 18.707
s3702a_34, 23.274, 39.961, 16.686, 35.668
s3702a_35, 23.840, 27.209, 3.369, 25.888
s3702a_36, 16.247, 56.368, 40.122, 46.789
s3702a_37, 23.634, 51.278, 27.644, 44.496
s3702a_38, 12.390, 59.422, 47.032, 48.438
s3702a_39, 20.587, 40.375, 19.788, 35.490
s3702a_4, 11.790, 58.893, 47.103, 47.980
s3702a_40, 28.927, 49.504, 20.576, 44.160
s3702a_41, 9.810, 59.143, 49.334, 47.828
s3702a_42, 7.996, 54.517, 46.521, 43.779
s3702a_43, 14.506, 62.328, 47.822, 51.059
s3702a_44, 31.315, 20.592, -10.722, 22.203
s3702a_45, 8.760, 59.988, 51.228, 48.375
s3702a_46, 12.875, 61.666, 48.791, 50.319
s3702a_47, 31.684, 15.506, -16.179, 18.323
s3702a_48, 10.963, 64.993, 54.030, 52.588
s3702a_49, 12.094, 61.760, 49.666, 50.174
s3702a_5, 38.262, 26.352, -11.910, 28.021
s3702a_50, 7.703, 52.614, 44.911, 42.491
s3702a_51, 13.422, 64.813, 51.392, 52.926
s3702a_52, 15.927, 57.243, 41.316, 47.428
s3702a_53, 5.602, 59.530, 53.928, 47.308
s3702a_54, 5.881, 58.809, 52.928, 46.934
s3702a_55, 7.320, 55.703, 48.384, 44.602
s3702a_56, 37.041, 18.262, -18.779, 21.468
s3702a_57, 5.689, 51.672, 45.983, 41.237
s3702a_58, 11.017, 60.913, 49.896, 49.330
s3702a_59, 45.992, 17.180, -28.812, 22.365
s3702a_6, 13.267, 59.437, 46.171, 48.657
s3702a_60, 13.076, 57.520, 44.444, 47.104
s3702a_61, 14.605, 62.434, 47.829, 51.388
s3702a_62, 14.923, 44.638, 29.715, 37.714
s3702a_63, 23.952, 20.101, -3.851, 20.370
s3702a_64, 30.205, 25.204, -5.001, 25.555
s3702a_65, 12.034, 60.593, 48.560, 49.423
s3702a_66, 16.033, 60.777, 44.744, 50.117
s3702a_67, 7.567, 48.882, 41.316, 39.565
s3702a_68, 9.908, 59.762, 49.855, 48.453
s3702a_69, 45.851, 17.226, -28.625, 22.372
s3702a_7, 7.095, 62.542, 55.448, 49.990
s3702a_70, 30.160, 22.483, -7.677, 23.423
s3702a_71, 13.744, 65.441, 51.697, 53.496
s3702a_72, 15.535, 60.278, 44.743, 49.705
s3702a_73, 3.838, 58.628, 54.790, 46.398
s3702a_74, 5.071, 58.880, 53.810, 46.607
s3702a_75, 39.288, 17.553, -21.735, 21.389
s3702a_76, 7.889, 53.438, 45.549, 43.144
s3702a_77, 9.620, 59.635, 50.015, 48.106
s3702a_78, 29.642, 14.134, -15.508, 16.830
s3702a_79, 4.867, 56.956, 52.089, 45.315
s3702a_8, 10.327, 63.008, 52.681, 50.912
s3702a_80, 12.626, 48.286, 35.660, 40.072
s3702a_81, 36.364, 21.176, -15.188, 23.616
s3702a_82, 13.356, 59.623, 46.267, 48.728
s3702a_83, 8.847, 54.736, 45.889, 44.344
s3702a_84, 16.898, 54.757, 37.858, 45.895
s3702a_85, 66.219, -2.535, -68.755, 10.971
s3702a_86, 23.653, 25.233, 1.580, 24.325
s3702a_87, 12.895, 61.654, 48.759, 50.197
s3702a_88, 44.111, 7.239, -36.872, 14.309
s3702a_89, 12.823, 60.474, 47.650, 49.338
s3702a_9, 51.160, 2.486, -48.674, 11.957
s3702a_90, 60.615, 1.411, -59.204, 12.949
s3702a_91, 15.644, 60.749, 45.104, 50.053
s3702a_92, 60.071, 2.029, -58.042, 13.324
s3702a_93, 66.628, 1.531, -65.097, 14.228
s3702a_94, 58.377, 2.038, -56.339, 13.000
s3702a_95, 10.968, 60.256, 49.289, 48.779
s3702a_96, 23.331, 39.513, 16.182, 35.353
s3702a_97, 13.297, 57.984, 44.687, 47.506
s3702a_98, 27.076, 22.073, -5.004, 22.508
s3702a_99, 9.410, 55.504, 46.094, 44.881
s3702b_0, 20.745, 13.706, -7.039, 14.782
s3702b_1, 13.500, 31.490, 17.990, 27.207
s3702b_10, 65.858, -2.639, -68.497, 10.820
s3702b_100, 12.244, 35.753, 23.508, 30.301
s3702b_101, 8.663, 60.232, 51.569, 48.430
s3702b_102, 47.698, 10.806, -36.892, 17.728
s3702b_103, 8.281, 62.471, 54.190, 50.184
s3702b_104, 9.139, 59.868, 50.730, 48.301
s3702b_105, 11.852, 58.713, 46.861, 47.732
s3702b_106, 12.535, 51.025, 38.490, 42.126
s3702b_107, 18.514, 35.991, 17.477, 31.668
s3702b_108, 29.119, 38.613, 9.494, 35.768
s3702b_109, 16.288, 21.800, 5.512, 20.191
s3702b_11, 35.513, 35.813, 0.301, 34.802
s3702b_110, 42.483, 20.848, -21.635, 24.543
s3702b_111, 13.701, 60.843, 47.143, 49.797
s3702b_112, 5.965, 58.510, 52.544, 46.710
s3702b_113, 13.559, 58.862, 45.303, 48.196
s3702b_114, 10.767, 62.126, 51.359, 50.190
s3702b_115, 9.299, 56.019, 46.720, 45.222
s3702b_116, 9.495, 58.123, 48.628, 46.977
s3702b_117, 30.090, 33.515, 3.425, 31.975
s3702b_118, 14.010, 60.881, 46.871, 49.871
s3702b_119, 11.313, 61.046, 49.733, 49.433
s3702b_12, 20.180, 28.935, 8.755, 26.505
s3702b_120, 37.152, 12.489, -24.663, 17.018
s3702b_121, 25.988, 19.508, -6.480, 20.306
s3702b_13, 7.298, 58.153, 50.855, 46.514
s3702b_14, 30.102, 39.970, 9.868, 36.989
s3702b_15, 15.038, 43.170, 28.132, 36.571
s3702b_16, 5.869, 57.833, 51.963, 46.158
s3702b_17, 34.373, 25.930, -8.443, 26.931
s3702b_18, 13.215, 62.458, 49.242, 51.179
s3702b_19, 12.819, 59.963, 47.144, 48.986
s3702b_2, 8.019, 39.228, 31.209, 32.172
s3702b_20, 9.845, 61.946, 52.101, 50.106
s3702b_21, 29.022, 15.594, -13.429, 17.837
s3702b_22, 17.006, 59.696, 42.690, 49.546
s3702b_23, 29.534, 33.045, 3.511, 31.495
s3702b_24, 14.322, 56.089, 41.767, 46.319
s3702b_25, 12.879, 48.504, 35.626, 40.278
s3702b_26, 14.688, 57.062, 42.375, 47.085
s3702b_27, 33.671, 21.951, -11.720, 23.694
s3702b_28, 27.045, 26.742, -0.303, 26.141
s3702b_29, 41.746, 16.194, -25.552, 20.792
s3702b_3, 43.855, 16.340, -27.515, 21.307
s3702b_30, 16.922, 57.483, 40.560, 47.910
s3702b_31, 13.601, 60.194, 46.592, 49.218
s3702b_32, 28.471, 25.019, -3.452, 25.055
s3702b_33, 14.145, 61.295, 47.150, 50.199
s3702b_34, 11.551, 59.017, 47.465, 47.953
s3702b_35, 20.527, 33.230, 12.702, 29.905
s3702b_36, 9.903, 61.045, 51.141, 49.204
s3702b_37, 30.617, 21.475, -9.142, 22.729
s3702b_38, 17.826, 46.010, 28.184, 39.324
s3702b_39, 32.068, 37.416, 5.348, 35.366
s3702b_4, 42.064, 10.875, -31.189, 16.711
s3702b_40, 32.547, 14.788, -17.759, 17.913
s3702b_41, 49.849, 2.005, -47.844, 11.317
s3702b_42, 31.899, -1.866, -33.765, 4.764
s3702b_43, 20.168, 52.948, 32.780, 45.124
s3702b_44, 11.541, 58.432, 46.892, 47.489
s3702b_45, 32.247, 24.731, -7.516, 25.575
s3702b_46, 29.184, 12.220, -16.964, 15.242
s3702b_47, 9.337, 57.190, 47.853, 46.155
s3702b_48, 12.407, 56.653, 44.246, 46.283
s3702b_49, 29.503, 29.531, 0.028, 28.804
s3702b_5, 2.542, 60.386, 57.844, 47.498
s3702b_50, 21.352, 26.701, 5.349, 25.001
s3702b_51, 10.964, 59.772, 48.808, 48.475
s3702b_52, 10.940, 61.070, 50.130, 49.363
s3702b_53, -3.327, 54.757, 58.083, 42.042
s3702b_54, 21.671, 34.280, 12.610, 30.941
s3702b_55, 21.591, 22.394, 0.803, 21.695
s3702b_56, 26.812, 40.801, 13.989, 37.000
s3702b_57, 19.544, 57.598, 38.054, 48.606
s3702b_58, 10.959, 58.828, 47.869, 47.928
s3702b_59, 13.004, 50.699, 37.695, 41.984
s3702b_6, 15.886, 50.301, 34.415, 42.280
s3702b_60, 26.581, 29.766, 3.185, 28.390
s3702b_61, 16.624, 37.785, 21.161, 32.702
s3702b_62, 19.324, 42.148, 22.824, 36.609
s3702b_63, 48.193, 25.276, -22.917, 29.077
s3702b_64, 16.056, 53.089, 37.033, 44.235
s3702b_65, 15.440, 60.777, 45.337, 50.038
s3702b_66, 11.332, 57.621, 46.289, 46.951
s3702b_67, 18.844, 59.266, 40.423, 49.493
s3702b_68, 12.543, 61.075, 48.532, 49.802
s3702b_69, 23.439, 32.567, 9.128, 29.950
s3702b_7, 25.424, 31.285, 5.861, 29.350
s3702b_70, 29.851, 23.086, -6.765, 23.849
s3702b_71, 6.706, 59.515, 52.809, 47.628
s3702b_72, 23.592, 28.102, 4.510, 26.531
s3702b_73, 22.670, 28.650, 5.980, 26.760
s3702b_74, 14.443, 20.745, 6.302, 19.026
s3702b_75, 14.457, 59.967, 45.510, 49.220
s3702b_76, 7.650, 62.341, 54.691, 49.821
s3702b_77, 17.415, 63.620, 46.205, 52.700
s3702b_78, 10.318, 58.723, 48.404, 47.546
s3702b_79, 3.401, 50.340, 46.938, 39.903
s3702b_8, 8.930, 57.078, 48.148, 45.934
s3702b_80, 5.715, 62.550, 56.834, 49.737
s3702b_81, 12.088, 62.076, 49.988, 50.658
s3702b_82, 1.852, 62.259, 60.406, 48.840
s3702b_83, 12.094, 58.110, 46.015, 47.408
s3702b_84, 2.841, 56.499, 53.658, 44.585
s3702b_85, 36.796, 16.123, -20.673, 19.774
s3702b_86, 11.112, 58.012, 46.900, 47.134
s3702b_87, 20.398, 28.781, 8.383, 26.450
s3702b_88, 25.984, 35.081, 9.096, 32.408
s3702b_89, 14.952, 61.516, 46.564, 50.629
s3702b_9, 10.519, 58.676, 48.158, 47.539
s3702b_90, 8.326, 53.173, 44.847, 42.912
s3702b_91, 9.891, 62.573, 52.682, 50.461
s3702b_92, 6.981, 57.145, 50.164, 45.695
s3702b_93, 16.345, 41.109, 24.763, 35.221
s3702b_94, 34.380, 16.703, -17.677, 19.785
s3702b_95, 10.586, 54.653, 44.067, 44.368
s3702b_96, 23.710, 26.025, 2.316, 24.918
s3702b_97, 31.501, 16.391, -15.110, 18.952
s3702b_98, 12.664, 61.258, 48.595, 49.982
s3702b_99, 28.218, 19.255, -8.963, 20.555
s3703a_0, 28.033, 13.117, -14.916, 15.717
s3703a_1, 7.879, 53.610, 45.731, 43.153
s3703a_10, 27.135, 24.353, -2.782, 24.321
s3703a_100, 8.783, 54.385, 45.602, 43.919
s3703a_101, 12.523, 56.694, 44.172, 46.371
s3703a_102, 15.784, 62.780, 46.995, 51.777
s3703a_103, 10.465, 63.374, 52.909, 51.224
s3703a_104, 13.280, 60.368, 47.088, 49.275
s3703a_105, 15.946, 62.149, 46.202, 51.198
s3703a_106, 11.179, 58.939, 47.760, 47.892
s3703a_107, 12.460, 56.298, 43.837, 46.144
s3703a_108, 13.947, 57.552, 43.606, 47.435
s3703a_109, 16.668, 40.797, 24.130, 35.034
s3703a_11, 7.537, 56.430, 48.892, 45.229
s3703a_110, 11.171, 22.102, 10.932, 19.447
s3703a_111, 26.310, 33.127, 6.817, 30.953
s3703a_112, 13.780, 57.675, 43.896, 47.328
s3703a_113, 19.540, 47.317, 27.777, 40.644
s3703a_114, 12.615, 60.489, 47.874, 49.341
s3703a_115, 11.381, 59.662, 48.281, 48.366
s3703a_116, 24.109, 21.065, -3.045, 21.175
s3703a_117, 6.248, 58.357, 52.109, 46.492
s3703a_118, 17.110, 55.835, 38.725, 46.601
s3703a_119, 27.677, 10.205, -17.472, 13.400
s3703a_12, 27.343, 32.860, 5.518, 30.933
s3703a_120, 8.342, 51.013, 42.670, 41.283
s3703a_121, 9.765, 59.292, 49.526, 47.838
s3703a_122, 10.157, 56.545, 46.387, 45.796
s3703a_123, 8.763, 60.814, 52.051, 48.815
s3703a_124, 14.496, 35.629, 21.133, 30.626
s3703a_125, 6.904, 60.192, 53.288, 48.000
s3703a_126, 62.851, -2.214, -65.065, 10.565
s3703a_127, 14.190, 63.100, 48.910, 51.752
s3703a_128, 15.948, 59.739, 43.791, 49.583
s3703a_129, 45.463, 20.922, -24.540, 25.186
s3703a_13, 8.306, 30.302, 21.996, 25.288
s3703a_130, 10.298, 59.537, 49.240, 48.087
s3703a_131, 6.455, 60.871, 54.416, 48.609
s3703a_132, 15.150, 55.084, 39.934, 45.689
s3703a_133, 16.973, 65.508, 48.535, 54.134
s3703a_134, 16.556, 60.163, 43.607, 49.777
s3703a_135, 31.200, 24.467, -6.733, 25.182
s3703a_136, 16.671, 51.920, 35.249, 43.685
s3703a_137, 12.945, 57.406, 44.461, 46.968
s3703a_138, 12.925, 61.246, 48.321, 49.882
s3703a_139, 13.998, 58.177, 44.179, 47.749
s3703a_14, 22.897, 41.756, 18.860, 36.975
s3703a_15, 12.984, 60.011, 47.028, 48.966
s3703a_16, 10.991, 61.281, 50.290, 49.615
s3703a_17, 12.006, 60.917, 48.912, 49.498
s3703a_18, 9.007, 64.174, 55.167, 51.598
s3703a_19, 13.320, 62.494, 49.174, 51.019
s3703a_2, 18.342, 61.044, 42.701, 50.836
s3703a_20, 31.083, 36.902, 5.819, 34.789
s3703a_21, 40.076, 25.638, -14.438, 27.792
s3703a_22, 66.319, -2.568, -68.887, 10.955
s3703a_23, 9.596, 57.805, 48.209, 46.612
s3703a_24, 14.539, 22.157, 7.618, 20.110
s3703a_25, 13.513, 59.077, 45.564, 48.594
s3703a_26, 44.411, 18.182, -26.229, 22.839
s3703a_27, 16.011, 59.642, 43.631, 49.249
s3703a_28, 11.254, 59.707, 48.452, 48.372
s3703a_29, 17.454, 63.031, 45.577, 52.406
s3703a_3, 14.060, 61.602, 47.542, 50.421
s3703a_30, 28.118, 48.690, 20.571, 43.396
s3703a_31, 12.353, 57.120, 44.768, 46.664
s3703a_32, 32.382, 40.859, 8.477, 38.120
s3703a_33, 11.261, 60.994, 49.733, 49.471
s3703a_34, 26.888, 27.145, 0.257, 26.424
s3703a_35, 12.966, 59.685, 46.719, 48.787
s3703a_36, 32.375, 16.193, -16.182, 18.962
s3703a_37, 17.842, 64.315, 46.473, 53.416
s3703a_38, 10.497, 62.826, 52.328, 50.866
s3703a_39, 11.924, 60.807, 48.883, 49.629
s3703a_4, 16.182, 35.690, 19.508, 31.006
s3703a_40, 5.833, 29.495, 23.662, 24.186
s3703a_41, 24.712, 37.833, 13.121, 34.285
s3703a_42, 15.020, 55.890, 40.870, 46.277
s3703a_43, 10.936, 59.311, 48.375, 48.013
s3703a_44, 16.782, 35.014, 18.232, 30.604
s3703a_45, 47.353, 14.396, -32.956, 20.466
s3703a_46, 12.985, 57.010, 44.025, 46.791
s3703a_47, 13.792, 59.694, 45.902, 48.892
s3703a_48, 15.218, 61.017, 45.798, 50.145
s3703a_49, 9.402, 61.215, 51.812, 49.396
s3703a_5, 15.606, 61.756, 46.149, 50.760
s3703a_50, 30.660, 25.723, -4.937, 26.051
s3703a_51, 27.132, 36.532, 9.400, 33.747
s3703a_52, 30.697, 24.374, -6.323, 25.003
s3703a_53, 17.151, 59.456, 42.305, 49.366
s3703a_54, 12.255, 61.152, 48.896, 49.822
s3703a_55, 14.678, 59.238, 44.560, 48.900
s3703a_56, 12.137, 61.285, 49.148, 49.825
s3703a_57, 10.073, 59.297, 49.224, 48.096
s3703a_58, 16.458, 57.929, 41.471, 48.047
s3703a_59, 13.460, 60.711, 47.251, 49.636
s3703a_6, 15.593, 57.308, 41.716, 47.364
s3703a_60, 12.101, 60.372, 48.271, 49.132
s3703a_61, 13.062, 55.107, 42.045, 45.361
s3703a_62, 6.260, 56.544, 50.284, 45.080
s3703a_63, 64.567, 5.871, -58.696, 17.197
s3703a_64, 13.736, 60.830, 47.094, 49.706
s3703a_65, 28.156, 24.781, -3.375, 24.806
s3703a_66, 10.546, 60.536, 49.991, 48.890
s3703a_67, 11.924, 60.295, 48.371, 48.961
s3703a_68, 16.530, 59.472, 42.942, 49.217
s3703a_69, 10.878, 59.050, 48.172, 47.818
s3703a_7, 10.674, 61.032, 50.358, 49.288
s3703a_70, 3.858, 58.898, 55.040, 46.578
s3703a_71, 11.790, 61.526, 49.736, 49.918
s3703a_72, 28.293, 39.593, 11.300, 36.351
s3703a_73, 26.405, 29.274, 2.868, 27.990
s3703a_74, 13.339, 60.681, 47.342, 49.502
s3703a_75, 19.942, 36.086, 16.144, 32.036
s3703a_76, 18.168, 36.322, 18.154, 31.870
s3703a_77, 15.326, 65.152, 49.826, 53.604
s3703a_78, 10.734, 58.679, 47.945, 47.567
s3703a_79, 44.892, 10.709, -34.183, 17.136
s3703a_8, 10.236, 60.939, 50.703, 49.334
s3703a_80, 68.662, 6.296, -62.365, 18.332
s3703a_81, 12.454, 60.402, 47.948, 49.177
s3703a_82, 7.730, 60.481, 52.751, 48.332
s3703a_83, 1.946, 61.319, 59.373, 48.127
s3703a_84, 21.544, 50.258, 28.714, 43.319
s3703a_85, 14.250, 57.088, 42.837, 47.023
s3703a_86, 20.301, 64.239, 43.938, 53.781
s3703a_87, 11.587, 60.194, 48.607, 48.953
s3703a_88, 17.902, 52.052, 34.151, 43.998
s3703a_89, 14.097, 54.923, 40.826, 45.333
s3703a_9, 12.029, 60.178, 48.149, 48.911
s3703a_90, 13.957, 64.710, 50.754, 52.876
s3703a_91, 7.246, 59.119, 51.873, 47.458
s3703a_92, 6.842, 58.909, 52.067, 46.975
s3703a_93, 26.418, 10.596, -15.822, 13.450
s3703a_94, 36.628, 11.421, -25.208, 16.071
s3703a_95, 31.862, 22.717, -9.145, 23.945
s3703a_96, 15.234, 57.630, 42.396, 47.524
s3703a_97, 9.086, 57.618, 48.532, 46.364
s3703a_98, 14.923, 55.950, 41.027, 46.205
s3703a_99, 9.217, 57.069, 47.852, 45.970
s3703b_0, 13.774, 59.326, 45.552, 48.647
s3703b_1, 9.621, 57.746, 48.125, 46.735
s3703b_10, 14.482, 60.566, 46.084, 49.699
s3703b_100, 6.541, 58.893, 52.351, 47.095
s3703b_101, 12.670, 55.956, 43.285, 45.995
s3703b_102, 17.304, 42.349, 25.045, 36.354
s3703b_103, 25.661, 40.558, 14.897, 36.565
s3703b_104, 20.137, 55.664, 35.528, 47.110
s3703b_105, 13.953, 55.748, 41.795, 45.929
s3703b_106, 17.324, 40.855, 23.531, 35.225
s3703b_107, 37.805, 30.570, -7.235, 31.180
s3703b_108, 25.677, 51.601, 25.924, 45.151
s3703b_109, 11.517, 59.190, 47.673, 48.035
s3703b_11, 23.154, 36.911, 13.757, 33.276
s3703b_110, 26.261, 22.035, -4.226, 22.337
s3703b_111, 8.455, 59.960, 51.505, 48.058
s3703b_112, 4.611, 61.525, 56.914, 48.568
s3703b_113, 20.010, 24.476, 4.466, 22.997
s3703b_114, 30.872, 39.824, 8.951, 37.010
s3703b_115, 3.238, 45.114, 41.876, 35.821
s3703b_116, 16.460, 60.155, 43.694, 49.809
s3703b_117, 26.026, 32.275, 6.249, 30.249
s3703b_118, 12.378, 61.770, 49.392, 50.370
s3703b_119, 19.907, 38.147, 18.239, 33.606
s3703b_12, 56.845, 11.537, -45.308, 20.111
s3703b_120, 12.752, 62.603, 49.852, 51.058
s3703b_121, 9.850, 61.843, 51.993, 49.791
s3703b_122, 26.698, 44.823, 18.124, 40.097
s3703b_123, 24.566, 34.354, 9.789, 31.575
s3703b_124, 33.112, 25.661, -7.451, 26.495
s3703b_125, 7.643, 54.949, 47.306, 44.309
s3703b_126, 36.786, 21.384, -15.402, 23.861
s3703b_127, 8.694, 54.532, 45.838, 43.940
s3703b_128, 6.700, 55.677, 48.978, 44.611
s3703b_129, 17.335, 63.809, 46.475, 52.965
s3703b_13, 22.437, 51.990, 29.552, 44.849
s3703b_130, 11.502, 60.883, 49.381, 49.338
s3703b_131, 1.327, 49.907, 48.580, 39.191
s3703b_132, 19.017, 63.296, 44.279, 52.757
s3703b_133, 16.953, 60.874, 43.921, 50.453
s3703b_134, 32.618, 20.357, -12.261, 22.255
s3703b_135, 20.624, 53.938, 33.314, 45.974
s3703b_136, 15.427, 59.680, 44.253, 49.298
s3703b_137, 12.960, 62.943, 49.983, 51.269
s3703b_138, 17.115, 19.828, 2.713, 18.832
s3703b_139, 4.348, 37.273, 32.924, 29.966
s3703b_14, 13.987, 55.679, 41.692, 46.063
s3703b_140, 22.046, 40.911, 18.864, 36.179
s3703b_141, 11.941, 61.553, 49.613, 49.969
s3703b_142, 41.446, 19.818, -21.628, 23.560
s3703b_143, 7.811, 59.518, 51.707, 47.865
s3703b_144, 33.280, 10.202, -23.079, 14.483
s3703b_145, 31.890, 9.716, -22.174, 13.831
s3703b_146, 8.314, 61.997, 53.683, 49.891
s3703b_147, 12.888, 59.265, 46.377, 48.408
s3703b_148, 51.263, 11.631, -39.633, 19.075
s3703b_149, 23.112, 52.288, 29.175, 45.174
s3703b_15, 27.624, 22.452, -5.173, 22.909
s3703b_150, 16.425, 58.145, 41.720, 48.221
s3703b_151, 37.686, 17.350, -20.336, 20.898
s3703b_152, 30.240, 35.776, 5.536, 33.772
s3703b_153, 49.252, 12.120, -37.132, 19.068
s3703b_154, 11.052, 61.926, 50.874, 50.139
s3703b_155, 22.928, 28.204, 5.276, 26.476
s3703b_156, 14.004, 46.522, 32.518, 38.957
s3703b_157, 12.380, 61.002, 48.622, 49.602
s3703b_158, 28.201, 34.813, 6.612, 32.621
s3703b_159, 31.394, 49.826, 18.432, 44.848
s3703b_16, 20.145, 41.299, 21.153, 36.118
s3703b_160, 13.982, 60.646, 46.664, 49.628
s3703b_161, 16.900, 59.986, 43.086, 49.742
s3703b_162, 25.749, 46.934, 21.184, 41.538
s3703b_163, 16.563, 55.424, 38.861, 46.239
s3703b_164, 6.646, 47.960, 41.314, 38.679
s3703b_165, 44.707, 16.225, -28.481, 21.386
s3703b_166, 18.429, 61.950, 43.521, 51.593
s3703b_167, 9.780, 59.595, 49.815, 48.093
s3703b_168, 24.453, 36.975, 12.522, 33.580
s3703b_169, 9.165, 57.119, 47.954, 46.172
s3703b_17, 37.917, 35.664, -2.253, 35.141
s3703b_170, 29.649, 24.013, -5.636, 24.515
s3703b_171, 72.283, -3.016, -75.299, 11.787
s3703b_18, 7.825, 67.958, 60.134, 54.392
s3703b_19, 30.832, 17.761, -13.072, 19.894
s3703b_2, 26.054, 33.729, 7.675, 31.353
s3703b_20, 12.293, 57.137, 44.845, 46.853
s3703b_21, 67.514, -2.661, -70.174, 11.124
s3703b_22, 48.707, 2.235, -46.472, 11.277
s3703b_23, 17.226, 64.065, 46.839, 53.151
s3703b_24, 16.901, 39.762, 22.861, 34.271
s3703b_25, 9.961, 57.620, 47.659, 46.603
s3703b_26, 60.256, -2.196, -62.452, 10.069
s3703b_27, 68.702, 1.540, -67.163, 14.629
s3703b_28, 66.212, 6.505, -59.707, 18.009
s3703b_29, 71.694, -2.988, -74.682, 11.691
s3703b_3, 11.569, 58.038, 46.469, 47.231
s3703b_30, 10.918, 60.432, 49.514, 48.992
s3703b_31, 5.177, 43.040, 37.863, 34.488
s3703b_32, 38.716, 20.612, -18.104, 23.630
s3703b_33, 9.452, 56.154, 46.702, 45.347
s3703b_34, 46.992, 15.065, -31.927, 20.941
s3703b_35, 13.678, 59.753, 46.075, 49.150
s3703b_36, 1.080, 53.269, 52.189, 41.626
s3703b_37, 12.552, 58.491, 45.939, 47.868
s3703b_38, 70.451, -2.951, -73.402, 11.457
s3703b_39, 11.047, 57.338, 46.291, 46.546
s3703b_4, 20.791, 39.007, 18.216, 34.423
s3703b_40, 31.564, 41.498, 9.934, 38.463
s3703b_41, 7.381, 58.727, 51.347, 47.131
s3703b_42, 6.957, 49.069, 42.111, 39.611
s3703b_43, 11.826, 59.038, 47.212, 47.985
s3703b_44, 10.842, 58.960, 48.118, 47.761
s3703b_45, 22.550, 21.944, -0.606, 21.518
s3703b_46, 27.177, 21.930, -5.247, 22.426
s3703b_47, 12.964, 62.112, 49.149, 50.656
s3703b_48, 71.634, 1.373, -70.261, 15.084
s3703b_49, 14.707, 59.780, 45.073, 49.280
s3703b_5, 50.415, 12.354, -38.061, 19.488
s3703b_50, 13.160, 53.169, 40.010, 43.950
s3703b_51, 13.946, 58.968, 45.023, 48.530
s3703b_52, 13.582, 39.222, 25.640, 33.202
s3703b_53, 14.569, 62.132, 47.562, 50.913
s3703b_54, 9.076, 61.286, 52.210, 49.229
s3703b_55, 54.610, 11.345, -43.265, 19.489
s3703b_56, 41.547, 27.205, -14.343, 29.289
s3703b_57, 17.078, 59.607, 42.529, 49.426
s3703b_58, 7.290, 59.630, 52.340, 47.627
s3703b_59, 2.489, 37.176, 34.687, 29.486
s3703b_6, 2.925, 63.060, 60.136, 49.568
s3703b_60, 15.978, 36.765, 20.787, 31.789
s3703b_61, 6.614, 66.681, 60.067, 53.157
s3703b_62, 15.290, 62.037, 46.747, 51.053
s3703b_63, 38.807, 16.575, -22.231, 20.514
s3703b_64, 46.192, 17.209, -28.983, 22.442
s3703b_65, 15.391, 60.979, 45.588, 50.175
s3703b_66, 33.777, 21.157, -12.620, 23.109
s3703b_67, 24.627, 54.896, 30.269, 47.478
s3703b_68, 11.271, 61.511, 50.240, 49.794
s3703b_69, 12.927, 62.859, 49.932, 51.418
s3703b_7, 25.696, 39.722, 14.026, 35.943
s3703b_70, 36.800, 26.565, -10.235, 27.898
s3703b_71, 14.628, 61.753, 47.125, 50.836
s3703b_72, 27.142, 21.217, -5.925, 21.850
s3703b_73, 35.458, 21.420, -14.039, 23.629
s3703b_74, 17.849, 59.900, 42.051, 49.853
s3703b_75, 11.678, 60.262, 48.584, 48.924
s3703b_76, 11.772, 54.961, 43.189, 44.932
s3703b_77, 15.551, 63.064, 47.514, 51.772
s3703b_78, 11.815, 61.272, 49.457, 49.743
s3703b_79, 12.880, 60.100, 47.220, 49.240
s3703b_8, 16.469, 30.210, 13.741, 26.780
s3703b_80, 20.487, 58.057, 37.570, 49.048
s3703b_81, 21.639, 30.757, 9.118, 28.212
s3703b_82, 10.899, 61.951, 51.052, 50.192
s3703b_83, 36.253, 36.550, 0.297, 35.506
s3703b_84, 12.887, 63.772, 50.885, 52.013
s3703b_85, 27.583, 31.071, 3.489, 29.623
s3703b_86, 39.012, 31.001, -8.011, 31.760
s3703b_87, 72.283, -3.016, -75.299, 11.787
s3703b_88, 14.834, 60.367, 45.533, 49.638
s3703b_89, 58.373, 6.354, -52.020, 16.392
s3703b_9, 19.551, 37.017, 17.466, 32.680
s3703b_90, 20.230, 57.681, 37.451, 48.773
s3703b_91, 13.367, 56.248, 42.881, 46.227
s3703b_92, 9.859, 60.280, 50.420, 48.725
s3703b_93, 27.160, 49.143, 21.983, 43.526
s3703b_94, 17.157, 55.702, 38.545, 46.645
s3703b_95, 15.993, 62.791, 46.798, 51.742
s3703b_96, 14.770, 61.062, 46.291, 50.121
s3703b_97, 41.460, 27.012, -14.448, 29.137
s3703b_98, 17.544, 60.215, 42.671, 50.244
s3703b_99, 68.482, 1.521, -66.961, 14.570
